Laser Delay [ns];TA1 [mOD];TA2 [mOD];TA3 [mOD];TA4 [mOD];TA5 [mOD]
-400;-0.109147;0.467064;-0.173011;-0.148363;-0.220671
-390;-0.104561;-0.213141;-0.136677;-0.050628;-0.194869
-380;-0.049783;-0.455213;-0.191347;-0.055357;-0.209411
-370;0.030668;-0.247869;-0.351217;-0.166472;0.117029
-360;-0.253551;-0.103394;-0.117117;-0.256920;-0.035041
-350;-0.128839;-0.572376;-0.299278;0.077809;-0.370674
-340;0.058419;-0.288207;-0.166170;0.003892;-0.173047
-330;-0.010670;-0.074944;0.016907;-0.076047;0.345834
-320;0.102507;-0.455587;-0.073242;0.222210;-0.444279
-310;-0.449283;-0.357353;-0.192126;-0.199723;-0.435021
-300;0.130730;-0.074904;-0.193034;-0.064381;-0.003069
-290;-0.325329;0.124829;-0.214978;0.182098;-0.246673
-280;0.299687;-0.267717;-0.154719;0.117183;0.120126
-270;-0.319090;-0.165776;-0.336336;-0.047986;-0.260256
-260;0.221431;-0.064961;0.015586;-0.319203;-0.206026
-250;-0.695138;0.025398;-0.020802;0.017296;-0.302260
-240;-0.035959;0.015063;-0.032052;-0.366532;0.323766
-230;-0.290747;-0.183356;0.039870;-0.106361;-0.589038
-220;-0.133948;-0.441395;0.058053;-0.159517;-0.248943
-210;-0.085547;-0.146738;-0.224505;-0.283565;-0.316667
-200;-0.163042;-0.405653;-0.262364;-0.116329;-0.216533
-190;-0.340654;-0.372416;0.192607;-0.063994;-0.338284
-180;-0.052214;-0.306672;0.014292;-0.093346;-0.418124
-170;0.250382;0.069247;-0.578749;0.241182;-0.377735
-160;-0.150194;-0.118720;0.052381;-0.355355;-0.280914
-150;-0.061616;0.128082;-0.259345;-0.491689;-0.217860
-140;0.276932;0.002151;-0.018186;-0.069164;-0.159148
-130;-0.393324;-0.222286;-0.286990;-0.021182;-0.481657
-120;-0.445173;-0.128560;-0.118581;-0.373005;-0.106215
-110;-0.408281;0.380847;-0.082283;0.116390;-0.108286
-100;-0.307064;-0.450799;-0.452150;-0.237325;-0.527634
-90;0.767929;-0.223536;-0.039843;-0.460508;-0.031105
-80;-0.144060;-0.021905;-0.150199;-0.414101;-0.241617
-70;-0.092821;0.182825;-0.014724;-0.097312;-0.397160
-60;-0.275710;-0.045537;0.216187;-0.186679;-0.191817
-50;-0.066213;0.045128;-0.286519;-0.239627;-0.116896
-40;0.045749;0.156803;-0.176242;-0.344153;-0.347365
-30;-0.014113;0.011177;-0.012126;-0.013850;0.035917
-20;0.346676;0.341433;-0.068464;0.216463;0.510357
-10;0.709708;1.007850;0.741548;1.173026;1.141321
0;1.785331;2.045106;1.661078;2.065535;1.895053
10;2.743715;2.253868;3.004489;2.330869;2.445326
20;3.701683;3.614556;3.277979;3.558846;3.533556
30;4.654762;4.216508;4.168096;4.450195;4.793651
40;5.321358;5.489486;5.084212;5.139594;5.591314
50;6.196282;6.125409;5.823887;6.283690;5.723525
60;6.768477;6.960892;7.346407;6.876937;7.085080
70;7.917139;7.757074;7.550743;7.902445;7.394211
80;8.586393;8.486179;8.331535;8.940063;8.475697
90;9.443365;9.301774;9.538634;9.075677;9.088799
100;9.782191;9.759957;9.688468;10.008153;9.711284
110;10.442284;10.686953;10.560855;10.242372;9.533684
120;10.192216;10.309582;9.893977;10.379593;10.095367
130;10.429770;10.199317;9.923202;10.036007;9.889996
140;10.125703;10.077068;9.724510;9.994732;9.884994
150;10.045348;9.734213;9.901154;9.963403;9.291867
160;9.850021;9.777664;9.811614;9.825598;9.410080
170;9.787423;9.754567;9.517939;9.744060;9.507674
180;9.996390;9.634586;9.234116;9.485257;9.014756
190;9.636689;9.720566;9.184832;9.476119;9.109120
200;9.401954;9.504180;9.132203;9.080922;9.058669
210;9.481020;9.141846;9.125944;9.282703;8.907828
220;9.002324;9.221150;8.791301;9.062230;8.680576
230;9.283029;9.011799;8.653256;9.344204;8.593503
240;9.045934;8.677320;8.774878;8.269384;8.594469
250;9.181270;8.614035;8.604819;8.179949;8.777958
260;8.723861;9.024757;8.426946;8.363135;7.872199
270;8.600109;8.265776;8.275227;8.327082;8.445479
280;8.507262;8.171120;8.118273;8.664724;7.568518
290;8.323288;8.340585;8.047425;8.383166;8.344535
300;8.161141;8.136747;8.281980;8.509478;7.730664
310;8.076784;8.457267;7.805189;8.207678;7.704879
320;8.220529;8.208942;7.813516;7.470537;7.961222
330;7.889934;7.821042;7.295633;7.992287;7.809848
340;7.997888;8.018354;7.496294;7.865478;7.972723
350;7.793753;7.755603;7.561305;7.731055;7.323416
360;8.219015;7.175488;7.449069;7.978548;7.334912
370;7.640546;7.591353;7.406239;7.417415;7.461082
380;7.408389;7.627379;7.249956;7.423127;7.288726
390;7.419361;7.277265;7.337092;7.104281;7.476471
400;7.247285;7.464282;7.154102;7.255709;7.277959
410;7.363151;7.125584;7.126426;7.126152;7.125572
420;7.298375;7.193467;7.083636;7.197640;6.795115
430;7.197342;6.786310;7.073989;6.693920;6.919149
440;6.766386;7.172036;7.043031;6.908564;6.800126
450;6.789181;7.151712;6.651380;7.316578;6.638263
460;6.815526;6.496126;6.625135;6.562562;6.468464
470;6.820997;6.846046;6.863046;6.605859;6.623603
480;6.898595;6.650604;6.583861;6.258013;6.385696
490;6.151250;6.522931;6.316630;6.238806;6.540548
500;6.330630;6.186614;6.280894;6.369913;6.395865
510;6.730025;6.284771;6.168448;6.360008;6.443051
520;6.433050;6.266294;6.099365;6.277710;6.667339
530;6.284870;6.706940;5.625812;5.785231;6.166846
540;6.451258;5.836511;6.013209;6.166883;5.812080
550;5.838538;5.878861;5.975292;5.500303;6.051362
560;5.931633;5.517886;5.719677;5.739301;5.957076
570;5.894037;5.693345;5.806017;5.999018;5.859260
580;5.703014;5.986465;5.804208;5.803427;5.861810
590;5.923103;5.197320;5.991087;5.704015;5.561267
600;5.777531;5.734987;5.575079;5.540981;5.811489
610;5.864349;5.376494;5.538242;5.750942;5.654149
620;5.798250;5.642457;5.729000;5.453023;5.729667
630;5.577568;5.436889;5.659035;5.628024;5.249365
640;5.686327;5.351982;5.143834;5.353141;5.329459
650;5.645928;5.881629;5.023603;5.583081;5.362775
660;5.556157;5.198361;5.290635;4.696152;5.178898
670;4.949922;5.053697;4.573467;5.577696;5.218813
680;5.377518;5.264547;4.759810;4.622743;5.393995
690;5.498190;4.848011;4.916047;5.225966;5.191295
700;5.193857;5.289496;4.978297;5.284487;5.078886
710;5.111783;5.210127;5.428825;4.560921;4.965448
720;5.061592;5.114527;5.005132;4.754771;4.882804
730;4.379014;5.158834;5.065044;4.659787;4.649565
740;5.183793;5.054160;4.572280;5.121986;4.719094
750;4.717010;4.725562;4.599887;4.608660;4.721965
760;5.086159;4.789503;5.053919;4.601431;4.749979
770;4.505420;4.816759;4.644900;4.503043;4.820472
780;4.616411;4.765959;4.356865;4.628064;5.238666
790;4.470709;4.623256;4.708855;4.661886;4.491598
800;4.983289;4.428279;4.160731;4.431279;4.279569
810;4.422602;4.457652;4.076920;4.022655;4.568968
820;4.454249;4.479309;4.439417;4.384317;4.181097
830;4.459560;4.313959;4.294808;4.271821;4.377431
840;4.332479;4.432932;4.098866;4.404572;4.018439
850;4.520689;4.429708;4.350368;4.152192;4.237113
860;4.579975;4.291786;4.167402;3.870532;4.106228
870;4.762097;4.337364;4.501882;4.060745;4.458831
880;4.376359;4.221333;4.119894;4.158788;4.631973
890;3.838642;4.155784;4.121114;3.888928;4.160776
900;3.738061;4.190638;4.087595;3.846709;3.667424
910;4.285032;4.027325;4.260209;3.843226;3.839843
920;3.831110;4.041143;4.085228;4.092202;3.814420
930;3.882223;3.938450;4.158295;3.798848;3.791971
940;4.031709;3.912439;3.854625;4.222220;3.665932
950;3.659693;4.002601;4.214478;3.739568;3.879377
960;3.931350;3.770210;3.664277;3.669028;4.320408
970;3.334573;3.487485;3.144239;3.841237;4.245012
980;3.642693;4.100716;3.755795;3.671402;3.653164
990;3.718863;3.983813;3.693219;3.704657;3.847830
1000;3.769500;3.327408;3.542307;3.782127;3.371109
1010;3.762637;3.727674;3.550404;3.920023;3.868447
1020;3.803414;3.948513;3.412432;3.371041;3.518718
1030;3.522786;3.882024;3.518220;3.575859;3.504740
1040;3.567104;3.659660;3.494531;3.614031;3.768524
1050;3.950325;3.374833;3.528972;3.300849;3.364376
1060;3.740755;3.155219;3.273554;3.153868;3.594913
1070;3.864534;3.050403;3.380247;3.533424;3.517158
1080;3.623005;3.171133;3.338292;3.072566;3.607128
1090;3.508414;3.153927;2.983921;3.375652;3.191381
1100;3.316964;2.925475;3.841468;3.101290;3.227281
1110;3.278358;3.387719;3.496632;3.272756;2.982611
1120;3.192768;3.379019;3.047898;3.390745;3.531916
1130;3.207018;3.514471;3.444453;3.312194;3.150555
1140;3.185654;3.334182;3.186132;2.907192;3.002365
1150;3.344355;3.334991;2.934688;3.179118;3.078850
1160;3.583876;2.961969;2.879928;2.990186;3.196772
1170;3.250948;3.532312;2.972290;2.975419;2.809438
1180;3.054115;3.109707;3.122138;3.048021;3.057862
1190;2.886136;3.133971;2.896178;3.365825;3.389600
1200;3.029497;3.070749;3.148509;3.475167;3.051383
1210;3.322977;2.537496;3.257381;3.248126;3.275893
1220;3.113743;2.383193;2.753853;2.335294;3.389899
1230;2.878174;2.851246;3.042705;2.658680;2.724467
1240;3.096768;3.177871;3.151436;2.887333;2.928764
1250;2.916150;2.579080;3.126537;2.718279;3.043903
1260;2.789230;2.969607;2.981177;2.661388;2.907118
1270;2.799977;2.654485;2.828858;3.028803;2.690302
1280;3.024144;2.689234;2.768059;2.480509;2.737573
1290;3.078393;2.532298;2.786927;2.669461;2.968421
1300;2.956482;2.797071;3.118820;2.740759;2.662794
1310;2.735917;2.683136;2.364959;2.765833;2.737044
1320;2.901928;3.016039;2.568969;2.128785;2.748653
1330;2.838693;2.877220;2.804997;3.035312;2.418086
1340;2.880033;2.339043;2.312538;2.519973;2.904168
1350;2.629729;2.712044;2.482487;2.761990;2.582313
1360;2.848268;2.595634;2.925029;2.661660;2.658731
1370;2.949912;2.391864;2.731030;2.639283;2.964557
1380;2.547038;2.667775;2.314609;2.600289;2.658159
1390;2.503749;2.210431;2.123896;2.706779;2.437124
1400;2.266925;2.475641;2.387000;2.360302;2.541401
1410;2.666777;2.322921;2.642763;2.587492;2.632616
1420;2.694916;2.728034;2.543598;2.533484;2.576902
1430;2.146032;2.280244;2.770237;2.307102;2.466975
1440;2.363329;2.556088;2.557084;2.194278;2.401799
1450;2.391130;2.716001;2.023354;2.822473;2.222516
1460;2.643692;2.509618;2.319815;2.297523;2.358623
1470;2.772555;2.576743;2.305906;2.331430;2.526310
1480;2.540605;2.745187;2.376784;2.574945;2.598207
1490;2.190970;2.122856;2.448805;2.117133;2.337927
1500;2.278213;2.428002;2.248996;2.053913;2.485311
1510;2.534130;2.800682;2.299116;2.597459;2.343893
1520;2.580779;2.725453;2.350893;1.989362;2.484573
1530;1.965987;2.249932;2.126694;2.505740;1.979724
1540;2.086228;2.219134;2.370833;2.095700;2.243907
1550;2.750829;2.178967;2.367599;2.092634;2.215127
1560;2.222466;2.227495;2.335104;2.256198;2.046561
1570;2.331753;2.114851;2.271775;1.806709;2.207116
1580;2.035111;2.524246;1.917318;2.548746;2.368298
1590;1.997591;1.715807;2.045260;2.155955;2.867286
1600;2.163051;2.402797;2.310792;2.315149;2.075168
1610;2.327994;2.397374;2.042103;2.350058;1.943012
1620;2.387462;2.300899;2.109877;2.173967;2.464422
1630;2.524433;2.167952;2.313337;2.205725;2.088436
1640;2.211432;2.415972;1.881872;2.237192;1.819127
1650;2.186432;2.340791;2.070931;2.112280;2.302173
1660;1.861552;1.708783;2.185438;1.969174;1.931620
1670;1.889692;1.521959;1.887216;1.876734;1.786415
1680;1.861800;2.001178;1.915283;1.788685;1.843415
1690;2.053208;2.054067;2.233115;2.024343;2.187076
1700;2.414358;2.089255;2.066108;2.248405;2.207295
1710;2.268332;1.956865;2.420099;2.034076;2.082095
1720;2.253437;2.106389;2.199820;1.905010;2.040352
1730;1.934111;2.005028;1.920953;1.675916;1.869229
1740;2.028939;1.814696;1.975079;1.978117;2.066959
1750;1.780696;1.727820;2.221712;1.652826;1.751937
1760;2.004074;1.907233;1.957217;1.805522;1.839569
1770;2.252727;1.949156;1.855890;1.913396;1.957764
1780;1.775592;1.720763;1.395487;2.032909;2.605155
1790;2.225066;2.057357;1.710384;1.917807;2.340784
1800;1.928311;2.040635;1.873136;1.771424;2.073935
1810;2.131132;1.780148;1.770092;2.021164;2.125008
1820;2.140049;1.912600;1.444326;1.639686;1.724576
1830;2.148840;1.645065;1.893267;1.917437;2.032692
1840;2.124063;1.724517;1.888908;1.867543;2.121332
1850;2.186036;1.646359;1.902653;1.605039;1.816126
1860;2.222634;2.050099;1.868094;2.030321;1.737800
1870;1.685263;1.817559;1.620130;1.651897;1.801908
1880;2.018931;1.592965;1.986018;2.076915;1.533068
1890;1.842248;1.738134;1.522266;1.761719;1.587680
1900;2.015313;1.580041;2.311175;1.482013;1.606185
1910;1.399112;1.794608;1.146053;1.725934;1.722200
1920;1.590671;2.271322;1.716310;1.745701;1.919156
1930;1.689757;2.131160;1.486273;1.852009;1.693099
1940;1.523570;1.624646;1.684621;1.501057;1.869303
1950;1.679001;1.929201;1.880014;2.049827;1.847336
1960;1.628020;1.555933;1.567471;1.934966;1.520139
1970;1.635276;1.747703;1.948307;1.920056;2.106658
1980;1.951440;1.422404;1.752600;1.638513;1.426749
1990;1.613957;1.519501;1.816391;1.465924;1.928838
2000;1.984317;1.751454;1.190142;1.610539;2.129687
2010;1.994575;1.725374;1.381213;1.797114;1.758816
2020;1.883038;1.656382;1.592020;1.546931;1.691870
2030;1.732734;2.088348;1.562614;1.427080;2.201480
2040;1.875409;1.836110;1.725364;1.769167;1.605246
2050;1.683530;1.649893;1.382550;1.469388;1.900949
2060;1.279321;1.745942;1.840249;1.444983;1.870478
2070;2.033523;1.547255;2.058327;1.738230;1.396841
2080;1.403813;1.499626;1.615264;1.645142;1.782337
2090;1.450279;1.389139;1.389192;1.533032;1.676279
2100;1.496804;1.758219;1.548641;1.499073;1.646035
2110;1.766168;1.378815;1.536135;1.301902;1.717007
2120;1.821849;1.360238;1.346202;1.949602;1.357313
2130;1.813520;1.475910;1.445236;1.715307;1.519243
2140;1.334774;1.421780;1.635138;1.429355;1.750227
2150;1.728544;1.544747;1.428189;1.928547;1.368311
2160;1.451632;1.236082;1.450024;1.595278;1.390868
2170;1.944769;1.348513;1.678610;1.166599;1.681632
2180;1.431378;1.452178;1.574578;1.784405;1.944321
2190;1.840668;1.491399;1.391369;1.506259;1.441822
2200;1.500709;1.507509;1.593820;1.562423;1.700374
2210;1.490569;1.966809;1.353965;1.712828;1.818354
2220;1.572634;1.569161;1.368906;1.131531;1.505985
2230;1.449231;1.590768;1.261270;1.900649;1.741218
2240;1.437494;1.762246;1.837627;1.756173;1.925013
2250;1.344336;1.370076;1.606920;1.585188;1.384849
2260;1.649893;1.254034;1.698825;1.474172;1.736210
2270;1.375926;1.807535;1.744693;1.060821;1.817752
2280;1.529919;1.958838;1.162368;1.252090;1.660861
2290;1.511382;1.592852;1.459609;1.274406;1.738361
2300;1.553577;1.511454;1.430029;1.639335;0.810895
2310;1.528331;1.577408;1.501237;1.525747;1.325139
2320;1.087511;1.319727;1.266202;1.131934;1.676028
2330;1.625472;1.319766;1.441470;1.332315;1.016213
2340;1.594704;1.345202;1.223732;1.083790;1.561699
2350;1.870205;1.749691;1.557296;1.715165;1.357532
2360;1.325852;1.477525;1.135008;1.436790;1.209188
2370;1.347659;1.299811;1.275771;1.168715;1.291935
2380;1.426726;1.584129;1.373990;1.089931;1.532040
2390;1.479972;1.259040;0.790722;1.128344;1.811544
2400;1.130166;1.303517;1.243070;1.309850;1.692236
2410;1.734806;1.736152;1.524904;1.358145;1.131837
2420;1.526825;1.278881;1.227611;1.187173;1.445393
2430;1.442642;1.259082;1.753612;1.167285;0.931849
2440;1.597782;1.306982;1.232650;1.308827;1.498772
2450;1.311568;1.495634;1.419551;2.024705;1.287241
2460;1.514663;1.832793;1.417354;1.358524;1.284817
2470;1.463823;1.334858;1.411192;1.575431;1.062201
2480;1.522521;1.153970;1.105379;1.619667;1.422913
2490;1.477431;1.397542;1.338359;1.164711;1.391055
2500;1.121137;1.498984;1.257023;0.730412;1.472749
2510;1.710261;1.407696;1.497204;1.067301;1.592728
2520;1.345112;2.212587;1.475047;1.506512;1.201167
2530;1.114637;1.568636;1.517551;1.318148;1.347570
2540;1.349058;1.435889;1.615106;1.440243;1.424707
2550;1.454439;1.343112;1.436018;1.072951;1.411594
2560;1.355695;1.313840;1.412146;1.865460;1.245755
2570;1.163874;1.537021;1.450250;1.470510;1.340815
2580;1.379908;1.409149;1.456734;1.516098;0.955674
2590;1.515796;1.344766;1.455942;1.364497;1.470316
2600;1.405387;1.346018;1.559920;1.117999;1.133030
2610;1.350428;1.726533;1.192930;1.399015;1.819318
2620;1.250619;1.459639;1.422429;1.318953;1.390677
2630;1.443814;1.200137;1.473162;1.238949;1.547427
2640;1.410008;1.619680;1.585283;1.267666;1.385882
2650;1.332916;1.067042;1.215753;1.080252;1.518250
2660;1.215547;1.532539;1.570097;1.460424;1.284591
2670;1.698409;1.469515;1.311393;1.910010;1.401665
2680;1.471882;1.100751;1.087131;1.427086;1.507360
2690;1.600287;1.345102;1.314856;1.183768;1.317608
2700;1.227721;1.372286;1.421841;1.519228;1.175568
2710;1.287663;1.811046;1.601698;1.309668;1.546966
2720;1.391472;1.006411;1.325490;1.318516;1.104364
2730;1.263115;1.583850;1.197732;1.108722;1.504947
2740;1.012074;0.908687;1.291979;1.268857;1.483892
2750;1.467587;0.929465;1.471882;1.058023;1.405606
2760;0.769341;1.362666;1.292925;1.654447;1.533656
2770;1.154261;1.342246;0.818551;1.288264;1.430071
2780;1.187998;1.142969;1.416277;1.262268;1.531734
2790;1.276828;1.431848;1.701519;1.264856;1.200406
2800;1.053664;1.071752;1.551157;1.289945;1.090232
2810;1.346553;1.092902;1.311931;1.260210;1.591755
2820;1.436991;1.312402;0.966768;1.034633;1.110235
2830;1.145846;1.050566;1.279155;0.831931;1.382938
2840;1.282616;1.338866;1.125105;0.973512;1.136747
2850;1.345645;1.046168;1.347467;1.682018;1.288677
2860;1.453734;1.170797;1.390212;1.248783;1.046728
2870;1.015264;1.134167;1.061432;1.318529;1.142612
2880;1.305314;1.241857;1.421262;1.004592;1.616284
2890;1.366579;1.316866;1.593866;1.088529;1.213212
2900;1.244709;1.043863;1.198901;1.253121;1.460899
2910;1.323799;1.348752;0.907838;1.344704;0.952613
2920;1.005531;1.631697;1.845831;1.312862;1.590799
2930;1.246605;1.024436;1.203802;1.295796;1.117259
2940;1.380823;1.557807;1.548817;1.352769;1.343171
2950;1.660373;0.784819;0.968696;1.226296;1.429792
2960;1.018149;1.582226;1.461422;1.499845;1.397629
2970;1.033431;1.484852;1.221207;1.295819;1.417918
2980;1.081202;1.260129;1.324194;1.463400;1.174716
2990;0.859029;1.449674;0.898884;1.129237;1.371839
3000;1.142268;1.084881;1.430417;1.000900;1.289672
3010;1.329100;1.394042;1.139683;1.436489;1.262836
3020;1.341244;1.440682;1.330576;1.437988;1.561654
3030;1.210250;1.249852;1.387663;1.191012;1.231150
3040;1.540607;1.119718;1.811226;1.484728;1.683022
3050;1.100911;1.390958;1.374150;1.055664;1.197014
3060;1.503276;1.360235;1.371580;1.453367;0.840901
3070;1.155209;1.349371;0.877669;1.127411;1.638751
3080;1.375290;1.653536;1.110481;1.051743;0.867838
3090;1.094705;1.093087;1.525860;0.944008;1.312915
3100;1.269955;1.315482;1.218889;0.981791;1.581152
3110;1.502941;1.009989;0.890472;1.003275;1.209511
3120;1.064818;1.356855;1.414548;1.669399;1.213928
3130;1.352311;1.099911;1.108719;1.526804;1.217480
3140;1.189527;1.479771;1.632529;1.255220;1.180807
3150;1.521174;1.196178;1.342483;1.256549;1.529826
3160;1.173138;1.424525;1.189874;1.301998;1.209254
3170;1.131724;1.213860;0.906781;1.003511;1.825155
3180;1.135250;1.552880;1.348859;1.320210;0.700113
3190;1.216732;1.219446;1.343359;1.429223;1.062693
3200;1.318588;1.485717;1.030274;0.953347;1.022055
3210;1.394160;0.656594;1.053634;1.364844;1.038799
3220;1.292837;1.043402;1.130324;1.367102;1.049560
3230;1.007545;1.158948;1.263685;0.865621;0.840493
3240;0.944990;1.429993;1.440680;0.853719;0.890140
3250;0.807052;1.113394;1.035376;1.157159;1.011565
3260;1.088867;1.221942;1.148124;1.243186;0.908333
3270;1.144811;1.177139;1.230216;1.329586;0.989708
3280;1.075783;0.948257;0.896715;1.364046;1.202394
3290;1.261462;0.907892;0.988448;1.041465;1.223091
3300;1.292896;1.491293;1.242285;1.151991;1.115372
3310;1.603024;1.364602;1.358297;1.017645;0.913588
3320;1.398213;0.983106;1.495600;1.486830;1.118757
3330;1.282134;1.288744;1.429646;1.147959;1.010974
3340;0.949877;1.282441;0.948190;1.219190;0.971151
3350;1.243777;1.266913;0.973280;1.223721;1.472093
3360;1.435142;1.322238;1.555018;0.979891;1.291043
3370;0.452488;1.032337;1.099236;1.066397;0.899168
3380;1.526964;0.927464;1.097391;1.228398;1.148794
3390;0.920338;1.680050;1.143582;1.312334;1.366627
3400;1.452447;1.245855;1.497350;1.416702;1.351759
3410;1.246244;1.271467;1.309630;1.310118;1.031905
3420;1.252130;1.182846;1.157599;1.310004;1.249214
3430;1.038637;0.896582;1.212275;1.345772;0.998069
3440;0.903822;1.349800;1.303801;1.533001;1.350273
3450;1.071695;1.074615;0.989802;1.271994;1.254393
3460;1.314206;1.534843;1.026609;1.360101;1.045496
3470;0.952316;1.228657;1.095362;1.209700;1.212119
3480;1.741964;0.999118;1.112810;1.171689;0.933669
3490;1.238063;1.132333;0.919728;1.213611;0.724718
3500;0.891100;0.861589;0.948940;0.999564;1.102057
3510;0.704015;1.552313;1.365449;1.273389;1.034835
3520;1.038759;0.823630;1.144194;0.907074;0.864265
3530;1.129872;1.348718;1.092825;1.022008;1.330064
3540;1.643731;1.050792;0.913386;1.136037;0.943489
3550;1.139819;1.178682;1.028564;0.975188;1.024870
3560;1.141384;1.330664;1.110570;1.116642;0.999544
3570;1.560691;1.064514;1.157135;1.411812;1.097048
3580;1.338160;1.155386;0.784128;1.224021;1.047325
3590;0.830290;0.985234;1.165893;1.013370;0.973599
3600;1.279854;1.231587;0.965940;1.320117;1.065103
3610;1.176193;1.027220;1.021666;1.059931;1.152271
3620;0.890888;1.078193;1.028075;0.781987;1.329865
3630;1.012478;0.612304;0.950618;1.250329;1.255149
3640;0.933568;1.352457;0.996412;1.134123;0.882340
3650;0.926670;1.366887;1.618815;1.238392;1.228350
3660;1.320343;1.291101;1.138552;0.972829;1.472022
3670;0.941274;0.914253;1.023492;0.958062;1.387729
3680;1.075494;1.105690;1.156481;1.330565;0.889837
3690;1.452246;1.175791;1.058766;1.001026;0.977672
3700;0.800969;1.251115;1.146337;1.303835;0.834095
3710;1.113327;1.098978;1.017000;0.856581;1.219176
3720;1.134987;1.227649;1.200202;1.485486;1.044140
3730;1.207566;0.966268;1.047023;1.046650;1.018537
3740;0.959028;0.991164;0.864382;1.203683;1.585715
3750;1.313349;1.258755;1.133703;1.294845;0.716141
3760;1.600464;1.263607;1.378938;1.117496;1.051042
3770;0.747120;0.999298;0.856284;1.173372;1.044641
3780;1.249761;1.080201;0.956718;1.113532;1.152361
3790;1.021603;1.353942;0.873145;1.408733;1.286944
3800;1.173706;0.961502;0.976631;1.222069;1.218469
3810;1.354094;0.970042;1.208080;0.834217;0.899888
3820;1.336439;1.142294;0.790078;0.831064;0.809437
3830;1.019330;0.876366;1.282728;1.104189;1.079259
3840;1.162801;0.865775;1.418271;1.190986;1.000846
3850;1.511365;1.258246;0.883667;1.570633;1.320996
3860;1.229331;1.073253;0.934958;1.142320;1.261194
3870;1.065420;1.358844;0.620540;1.158363;0.912039
3880;1.408598;1.092126;1.119950;1.477901;0.952622
3890;1.155651;1.062609;1.103020;1.380689;0.993699
3900;1.734154;0.910885;1.261609;1.265456;1.190606
3910;1.258585;0.908027;1.316579;1.067400;1.674361
3920;1.185057;1.330885;0.994650;1.111739;1.224664
3930;1.445573;1.077450;1.209822;1.300441;1.085561
3940;1.170696;1.356647;1.124021;1.255237;0.907294
3950;1.305222;1.174597;1.136693;1.535190;1.300858
3960;1.344404;1.116605;1.119699;1.158143;0.906929
3970;1.150423;1.170330;1.426907;0.861430;1.409216
3980;0.978225;0.905491;1.122603;1.388032;1.287446
3990;1.197608;0.669560;0.840212;1.282970;1.193095
4000;1.401135;1.801613;0.973545;1.513222;0.701053
4010;0.819993;1.464233;0.777391;1.284055;1.038757
4020;1.294512;1.294595;0.994598;1.226502;1.545115
4030;0.941758;0.958386;0.611685;0.930110;0.884145
4040;1.335751;1.196232;1.193714;1.136097;1.170786
4050;1.293058;1.300759;1.241262;0.853711;1.097880
4060;1.393309;1.079085;1.003313;1.019465;1.291662
4070;1.203860;1.314001;1.009136;0.706886;0.835474
4080;1.064987;1.081327;1.221355;1.361805;1.107661
4090;1.444781;1.006626;1.367700;0.998793;1.047180
4100;1.337468;1.508685;1.049477;0.892796;1.227879
4110;1.228860;1.238842;0.838350;1.025780;0.766440
4120;0.840238;1.355099;1.422667;1.200279;1.019206
4130;1.238721;0.642425;1.126377;1.041630;1.107512
4140;1.184305;1.153388;1.240214;1.052591;1.011900
4150;1.133302;1.264520;1.156424;1.053028;0.854483
4160;0.922161;1.099908;1.071375;0.896211;1.247040
4170;1.276615;0.781576;1.355110;0.904186;0.961433
4180;1.136954;1.184148;0.987904;1.487141;1.140816
4190;1.152608;0.891608;0.826157;1.222239;1.247743
4200;1.063913;1.285505;1.115887;0.582589;0.726118
4210;0.879389;0.847565;0.969817;0.979000;0.965453
4220;1.157409;1.028092;1.416067;1.474272;1.014181
4230;1.135586;1.353848;0.956900;0.868415;1.282405
4240;0.905953;1.067411;1.040860;1.192840;1.199057
4250;1.161567;1.149546;1.196231;1.089468;1.026806
4260;0.900494;1.253778;0.972382;0.983781;0.954442
4270;1.042574;0.910865;1.344377;1.184285;1.490286
4280;0.974398;1.024837;1.204869;1.311300;1.036366
4290;1.158348;1.309604;0.922385;1.244216;0.951002
4300;1.249166;0.976074;0.970743;1.391473;1.097700
4310;1.045661;1.533544;0.708990;1.212202;1.211218
4320;1.821039;0.960239;1.461598;0.826528;1.052579
4330;1.075380;1.223033;0.724694;0.858386;1.413309
4340;1.036810;1.177535;0.988081;1.236062;1.298035
4350;1.187496;1.032369;1.242514;1.208217;1.029251
4360;1.107449;0.947332;1.043095;0.960155;0.933844
4370;1.318692;0.716959;1.155740;0.686027;1.099797
4380;1.046385;1.144277;1.106750;1.183363;1.094341
4390;1.113629;1.117922;1.103266;0.874023;1.140478
4400;1.069716;1.000743;0.971611;1.031095;1.256593
4410;1.214381;0.901542;1.042462;1.020138;0.758232
4420;0.913310;0.911295;1.162440;1.141635;1.122950
4430;0.662809;0.866391;1.617844;1.155594;1.003240
4440;1.680447;0.961125;1.184647;1.181620;0.830760
4450;0.994030;0.809924;0.926148;1.115750;1.276469
4460;1.342491;1.344669;0.592343;1.027759;0.774288
4470;1.277169;1.137664;0.946875;1.231624;1.149254
4480;1.167998;0.985254;1.196991;1.304341;1.029327
4490;1.332193;0.772385;1.126992;1.360411;1.510597
4500;1.098372;1.085981;0.936320;1.231074;1.215669
4510;0.866869;1.474530;1.307978;0.966835;1.123668
4520;1.339468;0.856017;1.057116;0.874953;1.215610
4530;0.888320;1.278252;1.520706;1.544350;0.972220
4540;1.105605;1.100029;1.215703;1.283422;1.035636
4550;1.383512;0.917131;1.286064;1.389322;1.321347
4560;0.987863;1.104101;0.986103;0.962375;1.107163
4570;1.094669;0.969569;1.210849;1.257926;1.135898
4580;1.217562;1.105609;0.962275;0.859206;0.675082
4590;1.098452;1.152022;0.870246;0.912266;1.258328
4600;0.872080;0.372928;1.322608;1.102699;1.200390
4610;1.406848;1.153168;1.221613;1.105809;0.947127
4620;1.298448;1.088348;1.028883;1.193472;0.836956
4630;1.032151;0.939417;0.964715;1.049086;0.797222
4640;0.857101;0.704555;1.145162;1.384893;1.242908
4650;1.088087;1.301589;0.852204;0.988134;0.740414
4660;1.654892;0.904397;1.076619;1.306829;1.206941
4670;1.246464;0.942110;1.205346;1.226318;1.075379
4680;0.787988;1.245887;0.920547;1.011778;0.956864
4690;1.127724;1.356610;1.132504;1.516823;1.287634
4700;1.453511;0.999300;1.028963;1.230967;1.477395
4710;0.737742;1.124793;1.293476;1.233411;0.699743
4720;1.118008;0.869495;0.859283;0.943464;0.695317
4730;1.496146;1.238659;1.166608;1.230599;0.888433
4740;0.797788;1.316818;0.618219;1.281073;1.070333
4750;1.127170;1.242769;0.992543;1.416997;1.423986
4760;1.174865;1.029794;1.230261;0.904319;1.020083
4770;0.893529;1.124000;0.956387;1.097774;1.157071
4780;0.690973;1.246617;1.082125;0.922313;1.419368
4790;1.218803;1.038956;0.989822;0.887417;1.271306
4800;1.142196;1.337361;0.947776;1.491348;1.315508
4810;1.025314;1.334156;1.016011;0.941979;1.092375
4820;0.943966;1.187818;1.066920;1.405273;1.260534
4830;1.123874;1.051960;0.979365;1.346228;1.118928
4840;1.310001;1.395453;1.177991;1.124040;0.764599
4850;1.333881;1.150240;1.019251;1.089115;0.860687
4860;1.093262;1.060399;1.210965;0.801526;1.032546
4870;1.150265;0.977449;1.084570;1.028093;0.916422
4880;0.986033;0.950028;0.770040;1.239842;1.226063
4890;1.078447;1.132422;1.183148;0.946403;0.860614
4900;1.362059;1.421679;1.120184;1.148312;1.295911
4910;1.146658;0.955364;1.168735;1.102556;1.389040
4920;0.931232;1.416555;1.361159;1.360320;1.139503
4930;1.302760;1.286945;1.068885;1.220385;0.987674
4940;1.399608;1.340134;1.185815;1.272687;1.026990
4950;1.494486;0.898194;1.043611;1.097935;0.890029
4960;0.898998;1.241349;1.067258;1.061543;0.824914
4970;1.239327;1.274579;1.236253;1.056370;1.130745
4980;0.998619;1.137963;1.356163;0.769565;0.599508
4990;1.111687;1.079175;1.191933;0.968392;1.049052
5000;1.199192;1.376354;1.134769;1.122978;0.322875
