omega[deg],I[au],I_B[au],theta[deg],omega_corr[deg],theta_corr[deg],lambda[ang]
5.0,439,392,2.5,5.548810994527061,2.7744054972635306,0.37352047934521976
5.1,397,392,2.55,5.648432750262202,2.824216375131101,0.38020501209514956
5.2,392,426,2.6,5.748054505997344,2.874027252998672,0.38688839541952996
5.3,542,494,2.65,5.8476762617324844,2.9238381308662422,0.3935706091133364
5.4,664,562,2.7,5.947298017467626,2.973649008733813,0.40025163297508054
5.5,1108,630,2.75,6.0469197732027675,3.0234598866013838,0.406931446806871
5.6,1738,1072,2.8,6.146541528937909,3.0732707644689543,0.41361003041447464
5.7,2677,1887,2.85,6.24616328467305,3.123081642336525,0.42028736360737723
5.8,3925,2702,2.9,6.345785040408191,3.1728925202040954,0.4269634261988452
5.9,5360,3517,2.95,6.445406796143333,3.2227033980716664,0.43363819800598596
6.0,7422,4969,3.0,6.545028551878474,3.272514275939237,0.440311658849809
6.1,9589,7056,3.05,6.644650307613614,3.322325153806807,0.4469837885552874
6.2,12275,9144,3.1,6.744272063348756,3.372136031674378,0.4536545669514186
6.3,15197,11231,3.15,6.843893819083897,3.4219469095419486,0.4603239738712847
6.4,18079,13679,3.2,6.943515574819038,3.471757787409519,0.46699198915211454
6.5,20925,16486,3.25,7.043137330554179,3.5215686652770897,0.4736585926353441
6.6,23503,19293,3.3,7.14275908628932,3.57137954314466,0.48032376416667716
6.7,25968,22100,3.35,7.242380842024462,3.621190421012231,0.4869874835961467
6.8,28128,24361,3.4,7.342002597759603,3.6710012988798013,0.49364973077817575
6.9,29487,26076,3.45,7.441624353494745,3.7208121767473723,0.5003104855716383
7.0,30363,27791,3.5,7.541246109229886,3.770623054614943,0.5069697278399194
7.1,30432,29506,3.55,7.640867864965026,3.820433932482513,0.5136274374509777
7.2,30767,30280,3.6,7.740489620700168,3.870244810350084,0.5202835942774048
7.3,30975,30115,3.65,7.840111376435309,3.9200556882176545,0.5269381781964865
7.4,30374,29950,3.7,7.939733132170451,3.9698665660852255,0.533591169090264
7.5,30444,29786,3.75,8.039354887905592,4.019677443952796,0.5402425468455947
7.6,29703,29458,3.8,8.138976643640731,4.069488321820366,0.5468922913542122
7.7,30049,28967,3.85,8.238598399375874,4.119299199687937,0.5535403825127885
7.8,29833,28476,3.9,8.338220155111015,4.169110077555508,0.5601868002229932
7.9,29583,27985,3.95,8.437841910846156,4.218920955423078,0.5668315243915555
8.0,28310,27399,4.0,8.537463666581298,4.268731833290649,0.5734745349303241
8.1,27739,26719,4.05,8.637085422316439,4.318542711158219,0.5801158117563286
8.2,27108,26038,4.1,8.73670717805158,4.36835358902579,0.5867553347918402
8.3,26300,25358,4.15,8.836328933786723,4.418164466893361,0.5933930839644312
8.4,25693,24809,4.2,8.935950689521862,4.467975344760931,0.6000290392070371
8.5,25018,24391,4.25,9.035572445257003,4.5177862226285015,0.6066631804580171
8.6,24530,23972,4.3,9.135194200992144,4.567597100496072,0.6132954876612143
8.7,24195,23554,4.35,9.234815956727285,4.617407978363643,0.6199259407660158
8.8,24253,22952,4.4,9.334437712462428,4.667218856231214,0.6265545197274147
8.9,23345,22167,4.45,9.43405946819757,4.717029734098785,0.6331812045060693
9.0,22592,21381,4.5,9.53368122393271,4.766840611966355,0.6398059750683651
9.1,21819,20596,4.55,9.63330297966785,4.816651489833925,0.646428811386474
9.2,20885,19957,4.6,9.73292473540299,4.866462367701495,0.6530496934384155
9.3,20203,19464,4.65,9.832546491138134,4.916273245569067,0.6596686012081179
9.4,19818,18971,4.7,9.932168246873275,4.966084123436637,0.666285514685477
9.5,19166,18478,4.75,10.031790002608416,5.015895001304208,0.6729004138664187
9.6,18523,17992,4.8,10.131411758343557,5.065705879171778,0.6795132787529576
9.7,18232,17512,4.85,10.231033514078698,5.115516757039349,0.6861240893532587
9.8,17812,17032,4.9,10.33065526981384,5.16532763490692,0.692732825681698
9.9,17524,16552,4.95,10.43027702554898,5.21513851277449,0.6993394677589214
10.0,16915,16041,5.0,10.529898781284121,5.264949390642061,0.7059439956119069
10.1,16312,15498,5.05,10.629520537019262,5.314760268509631,0.7125463892740235
10.2,15286,14955,5.1,10.729142292754403,5.364571146377202,0.7191466287850928
10.3,14788,14412,5.15,10.828764048489546,5.414382024244773,0.7257446941914485
10.4,14330,14071,5.2,10.928385804224687,5.464192902112344,0.732340565545997
10.5,14141,13931,5.25,11.028007559959828,5.514003779979914,0.7389342229082776
10.6,14139,13792,5.3,11.127629315694968,5.563814657847484,0.745525646344523
10.7,14102,13652,5.35,11.227251071430109,5.613625535715054,0.7521148159277194
10.8,13805,13428,5.4,11.326872827165252,5.663436413582626,0.7587017117376674
10.9,13582,13120,5.45,11.426494582900393,5.713247291450196,0.7652863138610405
11.0,13030,12813,5.5,11.526116338635534,5.763058169317767,0.771868602391447
11.1,12967,12505,5.55,11.625738094370675,5.8128690471853375,0.7784485574294895
11.2,12371,12189,5.6,11.725359850105816,5.862679925052908,0.7850261590828252
11.3,12351,11866,5.65,11.824981605840957,5.912490802920479,0.7916013874662263
11.4,12040,11543,5.7,11.924603361576098,5.962301680788049,0.7981742227016394
11.5,11511,11220,5.75,12.02422511731124,6.01211255865562,0.8047446449182458
11.6,11212,10959,5.8,12.12384687304638,6.06192343652319,0.8113126342525224
11.7,11058,10761,5.85,12.223468628781522,6.111734314390761,0.8178781708483007
11.8,11108,10563,5.9,12.323090384516664,6.161545192258332,0.8244412348568271
11.9,10829,10365,5.95,12.422712140251805,6.211356070125903,0.8310018064368238
12.0,10525,10124,6.0,12.522333895986947,6.261166947993473,0.8375598657545469
12.1,10266,9840,6.05,12.621955651722086,6.310977825861043,0.8441153929838485
12.2,9789,9556,6.1,12.721577407457227,6.3607887037286135,0.8506683683062356
12.3,9585,9272,6.15,12.82119916319237,6.410599581596185,0.8572187719109294
12.4,9314,9067,6.2,12.920820918927511,6.4604104594637555,0.863766583994926
12.5,9130,8940,6.25,13.020442674662652,6.510221337331326,0.8703117847630567
12.6,9047,8813,6.3,13.120064430397793,6.560032215198897,0.8768543544280467
12.7,8703,8686,6.35,13.219686186132934,6.609843093066467,0.8833942732105758
12.8,8759,8516,6.4,13.319307941868075,6.659653970934038,0.8899315213393374
12.9,8623,8301,6.45,13.418929697603216,6.709464848801608,0.8964660790510994
13.0,8417,8087,6.5,13.518551453338358,6.759275726669179,0.9029979265907628
13.1,8100,7872,6.55,13.618173209073499,6.809086604536749,0.9095270442114223
13.2,7916,7704,6.6,13.71779496480864,6.85889748240432,0.9160534121744249
13.3,7765,7582,6.65,13.817416720543783,6.908708360271891,0.9225770107494315
13.4,7666,7461,6.7,13.917038476278924,6.958519238139462,0.9290978202144743
13.5,7496,7339,6.75,14.016660232014063,7.0083301160070315,0.9356158208560175
13.6,7278,7233,6.8,14.116281987749204,7.058140993874602,0.9421309929690176
13.7,7485,7142,6.85,14.215903743484345,7.107951871742173,0.9486433168569817
13.8,7431,7052,6.9,14.315525499219488,7.157762749609744,0.9551527728320276
13.9,7445,6961,6.95,14.41514725495463,7.207573627477315,0.9616593412149433
14.0,7323,6837,7.0,14.51476901068977,7.257384505344885,0.968163002335247
14.1,6916,6680,7.05,14.614390766424911,7.307195383212456,0.9746637365312448
14.2,6789,6523,7.1,14.71401252216005,7.357006261080025,0.9811615241500926
14.3,6346,6366,7.15,14.813634277895193,7.406817138947597,0.9876563455478546
14.4,6550,6259,7.2,14.913256033630335,7.456628016815167,0.9941481810895608
14.5,6287,6203,7.25,15.012877789365476,7.506438894682738,1.000637011149269
14.6,6150,6147,7.3,15.112499545100617,7.556249772550308,1.0071228161101236
14.7,6065,6091,7.35,15.212121300835758,7.606060650417879,1.0136055763644132
14.8,6063,6009,7.4,15.3117430565709,7.65587152828545,1.020085272313632
14.9,7656,5901,7.45,15.411364812306042,7.705682406153021,1.0265618843685373
15.0,6542,5792,7.5,15.510986568041181,7.755493284020591,1.0330353929492104
15.1,6035,5684,7.55,15.610608323776322,7.805304161888161,1.0395057784851145
15.2,5853,5687,7.6,15.710230079511463,7.855115039755732,1.0459730214151544
15.3,5630,5801,7.65,15.809851835246606,7.904925917623303,1.0524371021877355
15.4,9387,5916,7.7,15.909473590981747,7.954736795490874,1.0588980012608227
15.5,8885,6030,7.75,16.00909534671689,8.004547673358445,1.0653556991020006
15.6,6907,6047,7.8,16.10871710245203,8.054358551226015,1.0718101761885304
15.7,6087,5967,7.85,16.20833885818717,8.104169429093584,1.0782614130074106
15.8,5768,5888,7.9,16.30796061392231,8.153980306961156,1.0847093900554372
15.9,6293,5808,7.95,16.407582369657455,8.203791184828727,1.0911540878392587
16.0,15720,5617,8.0,16.507204125392594,8.253602062696297,1.097595486875438
16.1,8819,5315,8.05,16.606825881127737,8.303412940563868,1.1040335676905124
16.2,5793,5014,8.1,16.706447636862876,8.353223818431438,1.1104683108210482
16.3,4642,4712,8.15,16.80606939259802,8.40303469629901,1.116899696813704
16.4,4561,4468,8.2,16.90569114833316,8.45284557416658,1.1233277062252864
16.5,4594,4281,8.25,17.0053129040683,8.50265645203415,1.1297523196228112
16.6,4122,4094,8.3,17.104934659803444,8.552467329901722,1.13617351758356
16.7,4117,3907,8.35,17.204556415538583,8.602278207769292,1.1425912806951397
16.8,3884,3732,8.4,17.304178171273723,8.652089085636861,1.149005589555542
16.9,3814,3568,8.45,17.403799927008862,8.701899963504431,1.1554164247732015
17.0,3621,3405,8.5,17.503421682744005,8.751710841372002,1.1618237669670537
17.1,3292,3241,8.55,17.603043438479148,8.801521719239574,1.168227596766594
17.2,3289,3122,8.6,17.702665194214287,8.851332597107143,1.1746278948119369
17.3,3159,3048,8.65,17.80228694994943,8.901143474974715,1.1810246417538743
17.4,3172,2975,8.7,17.90190870568457,8.950954352842285,1.187417818253932
17.5,2996,2901,8.75,18.001530461419712,9.000765230709856,1.1938074049844318
17.6,3037,2921,8.8,18.101152217154855,9.050576108577427,1.2001933826285471
17.7,2864,3035,8.85,18.200773972889994,9.100386986444997,1.206575731880363
17.8,3319,3148,8.9,18.300395728625137,9.150197864312569,1.2129544334449323
17.9,3388,3262,8.95,18.400017484360276,9.200008742180138,1.2193294680383362
18.0,3349,3569,9.0,18.49963924009542,9.24981962004771,1.2257008163877425
18.1,3429,4069,9.05,18.599260995830562,9.299630497915281,1.2320684592314621
18.2,5327,4569,9.1,18.698882751565698,9.349441375782849,1.2384323773190085
18.3,10353,5069,9.15,18.79850450730084,9.39925225365042,1.2447925514111569
18.4,6103,5107,9.2,18.89812626303598,9.44906313151799,1.2511489622799996
18.5,5319,4683,9.25,18.997748018771123,9.498874009385561,1.2575015907090066
18.6,4673,4259,9.3,19.097369774506266,9.548684887253133,1.2638504174930827
18.7,3623,3835,9.35,19.196991530241405,9.598495765120703,1.2701954234386263
18.8,11413,3496,9.4,19.296613285976548,9.648306642988274,1.2765365893635858
18.9,15069,3243,9.45,19.396235041711687,9.698117520855844,1.2828738960975195
19.0,7133,2989,9.5,19.49585679744683,9.747928398723415,1.2892073244816522
19.1,3695,2736,9.55,19.595478553181973,9.797739276590987,1.2955368553689346
19.2,3347,2523,9.6,19.695100308917112,9.847550154458556,1.301862469624098
19.3,2609,2351,9.65,19.794722064652255,9.897361032326128,1.308184148123717
19.4,2132,2180,9.7,19.894343820387395,9.947171910193697,1.3145018717562629
19.5,1961,2008,9.75,19.993965576122537,9.996982788061269,1.3208156214221647
19.6,1922,1904,9.8,20.09358733185768,10.04679366592884,1.327125378033863
19.7,1967,1869,9.85,20.193209087592816,10.096604543796408,1.3334311225158724
19.8,1968,1833,9.9,20.29283084332796,10.14641542166398,1.3397328358048366
19.9,1872,1798,9.95,20.3924525990631,10.19622629953155,1.346030498849585
20.0,1800,1759,10.0,20.49207435479824,10.24603717739912,1.3523240926111928
20.1,1780,1716,10.05,20.591696110533384,10.295848055266692,1.358613598063037
20.2,1726,1674,10.1,20.691317866268523,10.345658933134262,1.3648989961908533
20.3,1686,1631,10.15,20.790939622003666,10.395469811001833,1.3711802679927962
20.4,1709,1604,10.2,20.890561377738806,10.445280688869403,1.3774573944794937
20.5,1610,1592,10.25,20.99018313347395,10.495091566736974,1.3837303566741064
20.6,1561,1579,10.3,21.08980488920909,10.544902444604546,1.3899991356123838
20.7,1607,1567,10.35,21.18942664494423,10.594713322472115,1.396263712342722
20.8,1564,1544,10.4,21.289048400679373,10.644524200339687,1.4025240679262219
20.9,1648,1511,10.45,21.388670156414513,10.694335078207256,1.4087801834367448
21.0,1628,1477,10.5,21.488291912149656,10.744145956074828,1.4150320399609713
21.1,1494,1444,10.55,21.587913667884795,10.793956833942397,1.4212796185984564
21.2,1513,1423,10.6,21.687535423619934,10.843767711809967,1.4275229004616896
21.3,1427,1416,10.65,21.787157179355077,10.893578589677539,1.4337618666761487
21.4,1492,1409,10.7,21.886778935090216,10.943389467545108,1.4399964983803593
21.5,1398,1402,10.75,21.98640069082536,10.99320034541268,1.4462267767259513
21.6,1457,1407,10.8,22.086022446560502,11.043011223280251,1.4524526828777145
21.7,1432,1425,10.85,22.18564420229564,11.09282210114782,1.458674198013657
21.8,1469,1442,10.9,22.285265958030784,11.142632979015392,1.4648913033250623
21.9,6197,1460,10.95,22.384887713765924,11.192443856882962,1.471103980016545
22.0,8065,1445,11.0,22.484509469501067,11.242254734750533,1.4773122093061082
22.1,4192,1398,11.05,22.58413122523621,11.292065612618105,1.4835159724252003
22.2,1654,1350,11.1,22.68375298097135,11.341876490485674,1.4897152506187716
22.3,1369,1303,11.15,22.78337473670649,11.391687368353246,1.495910025145332
22.4,1279,1274,11.2,22.88299649244163,11.441498246220815,1.5021002772770056
22.5,1280,1264,11.25,22.982618248176774,11.491309124088387,1.5082859882995887
22.6,1240,1255,11.3,23.082240003911913,11.541120001955957,1.5144671395126066
22.7,1280,1245,11.35,23.181861759647052,11.590930879823526,1.5206437122293694
22.8,1249,1231,11.4,23.281483515382195,11.640741757691098,1.5268156877770291
22.9,1295,1213,11.45,23.381105271117335,11.690552635558667,1.5329830474966355
23.0,1289,1195,11.5,23.480727026852477,11.740363513426239,1.539145772743193
23.1,1194,1177,11.55,23.58034878258762,11.79017439129381,1.545303844885716
23.2,1233,1162,11.6,23.67997053832276,11.83998526916138,1.5514572453072868
23.3,1168,1149,11.65,23.779592294057903,11.889796147028951,1.5576059554051116
23.4,1139,1136,11.7,23.879214049793042,11.939607024896521,1.5637499565905757
23.5,1146,1122,11.75,23.978835805528185,11.989417902764092,1.5698892302892995
23.6,1116,1103,11.8,24.078457561263328,12.039228780631664,1.576023757941197
23.7,1162,1076,11.85,24.178079316998467,12.089039658499233,1.5821535210005284
23.8,1142,1050,11.9,24.27770107273361,12.138850536366805,1.5882785009359603
23.9,1142,1023,11.95,24.37732282846875,12.188661414234375,1.5943986792306177
24.0,1117,1006,12.0,24.476944584203892,12.238472292101946,1.600514037382143
24.1,1010,998,12.05,24.57656633993903,12.288283169969516,1.6066245569027493
24.2,1068,989,12.1,24.67618809567417,12.338094047837085,1.6127302193192798
24.3,977,981,12.15,24.775809851409313,12.387904925704657,1.6188310061732591
24.4,1014,970,12.2,24.875431607144453,12.437715803572226,1.6249268990209533
24.5,982,956,12.25,24.975053362879596,12.487526681439798,1.631017879433424
24.6,969,943,12.3,25.07467511861474,12.53733755930737,1.6371039289965827
24.7,1012,929,12.35,25.174296874349878,12.587148437174939,1.643185029311248
24.8,1008,911,12.4,25.27391863008502,12.63695931504251,1.6492611619932018
24.9,922,889,12.45,25.37354038582016,12.68677019291008,1.6553323086732432
25.0,966,866,12.5,25.473162141555303,12.736581070777651,1.6613984509972457
25.1,912,844,12.55,25.572783897290446,12.786391948645223,1.6674595706262103
25.2,912,828,12.6,25.672405653025585,12.836202826512793,1.673515649236324
25.3,833,818,12.65,25.772027408760728,12.886013704380364,1.679566668519013
25.4,820,808,12.7,25.871649164495867,12.935824582247934,1.6856126101809987
25.5,844,798,12.75,25.971270920231007,12.985635460115503,1.6916534559443535
25.6,826,793,12.8,26.07089267596615,13.035446337983075,1.6976891875465552
25.7,793,793,12.85,26.17051443170129,13.085257215850644,1.7037197867405423
25.8,833,794,12.9,26.27013618743643,13.135068093718216,1.7097452352947697
25.9,805,794,12.95,26.36975794317157,13.184878971585785,1.715765514993264
26.0,818,782,13.0,26.469379698906714,13.234689849453357,1.721780607635678
26.1,794,758,13.05,26.569001454641857,13.284500727320928,1.7277904950373455
26.2,769,735,13.1,26.668623210376996,13.334311605188498,1.7337951590293361
26.3,773,711,13.15,26.76824496611214,13.38412248305607,1.7397945814585123
26.4,751,697,13.2,26.867866721847278,13.433933360923639,1.745788744187582
26.5,699,692,13.25,26.96748847758242,13.48374423879121,1.7517776290951528
26.6,736,687,13.3,27.067110233317564,13.533555116658782,1.75776121807579
26.7,689,682,13.35,27.166731989052703,13.583365994526352,1.7637394930400685
26.8,758,674,13.4,27.266353744787846,13.633176872393923,1.7697124359146286
26.9,679,663,13.45,27.365975500522985,13.682987750261493,1.77568002864223
27.0,672,652,13.5,27.465597256258125,13.732798628129062,1.7816422531818072
27.1,694,641,13.55,27.565219011993268,13.782609505996634,1.7875990915085238
27.2,641,633,13.6,27.664840767728407,13.832420383864203,1.7935505256138264
27.3,635,628,13.65,27.76446252346355,13.882231261731775,1.7994965375055008
27.4,701,623,13.7,27.86408427919869,13.932042139599345,1.8054371092077222
27.5,669,617,13.75,27.963706034933832,13.981853017466916,1.811372222761115
27.6,664,612,13.8,28.063327790668975,14.031663895334487,1.8173018602228048
27.7,615,607,13.85,28.162949546404114,14.081474773202057,1.8232260036664698
27.8,630,602,13.9,28.262571302139257,14.131285651069629,1.829144635182401
27.9,629,597,13.95,28.362193057874396,14.181096528937198,1.8350577368775491
28.0,635,589,14.0,28.46181481360954,14.23090740680477,1.8409652908755856
28.1,595,578,14.05,28.561436569344682,14.280718284672341,1.8468672793169523
28.2,585,567,14.1,28.66105832507982,14.33052916253991,1.852763684358916
28.3,573,556,14.15,28.760680080814964,14.380340040407482,1.8586544881756248
28.4,603,548,14.2,28.8603018365501,14.43015091827505,1.864539672958158
28.5,550,543,14.25,28.959923592285243,14.479961796142621,1.8704192209145853
28.6,561,538,14.3,29.059545348020386,14.529772674010193,1.8762931142700146
28.7,531,533,14.35,29.159167103755525,14.579583551877763,1.8821613352666497
28.8,568,535,14.4,29.258788859490668,14.629394429745334,1.8880238661638433
28.9,544,542,14.45,29.358410615225807,14.679205307612904,1.8938806892381495
29.0,560,549,14.5,29.45803237096095,14.729016185480475,1.8997317867833796
29.1,582,556,14.55,29.557654126696093,14.778827063348047,1.9055771411106524
29.2,605,554,14.6,29.657275882431232,14.828637941215616,1.91141673454845
29.3,584,543,14.65,29.756897638166375,14.878448819083188,1.9172505494426713
29.4,572,532,14.7,29.856519393901515,14.928259696950757,1.9230785681566835
29.5,549,521,14.75,29.956141149636657,14.978070574818329,1.9289007730713785
29.6,515,512,14.8,30.0557629053718,15.0278814526859,1.9347171465852226
29.7,520,506,14.85,30.15538466110694,15.07769233055347,1.9405276711143122
29.8,553,499,14.9,30.255006416842082,15.127503208421041,1.9463323290924266
29.9,546,493,14.95,30.35462817257722,15.17731408628861,1.9521311029710786
30.0,517,485,15.0,30.45424992831236,15.22712496415618,1.9579239752195727
30.1,490,474,15.05,30.553871684047504,15.276935842023752,1.963710928325054
30.2,470,463,15.1,30.653493439782643,15.326746719891322,1.9694919447925605
30.3,476,452,15.15,30.753115195517786,15.376557597758893,1.9752670071450793
30.4,473,447,15.2,30.852736951252925,15.426368475626463,1.9810360979235984
30.5,447,447,15.25,30.95235870698807,15.476179353494034,1.9867991996871566
30.6,490,448,15.3,31.05198046272321,15.525990231361606,1.9925562950129005
30.7,450,448,15.35,31.15160221845835,15.575801109229175,1.998307366496135
30.8,503,444,15.4,31.251223974193493,15.625611987096747,2.0040523967503745
30.9,448,436,15.45,31.350845729928633,15.675422864964316,2.009791368407401
31.0,417,428,15.5,31.450467485663776,15.725233742831888,2.015524264117307
31.1,433,420,15.55,31.55008924139892,15.77504462069946,2.0212510665485572
31.2,416,416,15.6,31.649710997134058,15.824855498567029,2.0269717583880382
31.3,462,416,15.65,31.749332752869197,15.874666376434599,2.032686322341108
31.4,445,415,15.7,31.848954508604336,15.924477254302168,2.03839474113165
31.5,415,415,15.75,31.94857626433948,15.97428813216974,2.0440969975021273
31.6,434,408,15.8,32.04819802007462,16.02409901003731,2.0497930742136314
31.7,446,395,15.85,32.147819775809765,16.073909887904883,2.0554829540459374
31.8,423,381,15.9,32.24744153154491,16.123720765772454,2.0611666197975533
31.9,385,368,15.95,32.347063287280044,16.173531643640022,2.066844054285773
32.0,361,359,16.0,32.44668504301519,16.223342521507593,2.0725152403467315
32.1,397,356,16.05,32.54630679875033,16.273153399375165,2.078180160835451
32.2,390,353,16.1,32.64592855448547,16.322964277242736,2.0838387986258957
32.3,370,350,16.15,32.74555031022061,16.372775155110304,2.089491136611025
32.4,348,345,16.2,32.84517206595575,16.422586032977875,2.0951371577028435
32.5,363,339,16.25,32.944793821690894,16.472396910845447,2.1007768448324513
32.6,382,334,16.3,33.04441557742604,16.52220778871302,2.1064101809500997
32.7,325,328,16.35,33.14403733316118,16.57201866658059,2.112037149025237
32.8,456,331,16.4,33.243659088896315,16.621829544448158,2.1176577320465646
32.9,402,342,16.45,33.34328084463146,16.67164042231573,2.1232719130220903
33.0,430,354,16.5,33.4429026003666,16.7214513001833,2.1288796749791703
33.1,405,365,16.55,33.542524356101744,16.771262178050872,2.134481000964571
33.2,371,366,16.6,33.64214611183689,16.821073055918443,2.1400758740445145
33.3,385,355,16.65,33.74176786757202,16.87088393378601,2.1456642773047316
33.4,334,345,16.7,33.841389623307165,16.920694811653583,2.1512461938505116
33.5,371,334,16.75,33.9410113790423,16.97050568952115,2.156821606806755
33.6,330,328,16.8,34.040633134777444,17.020316567388722,2.1623904993180227
33.7,329,326,16.85,34.14025489051259,17.070127445256293,2.1679528545485915
33.8,322,325,16.9,34.23987664624772,17.11993832312386,2.173508655682496
33.9,356,323,16.95,34.339498401982866,17.169749200991433,2.1790578859235885
34.0,372,316,17.0,34.43912015771801,17.219560078859004,2.184600528495587
34.1,547,305,17.05,34.53874191345315,17.269370956726576,2.1901365666421224
34.2,606,293,17.1,34.638363669188294,17.319181834594147,2.195665983626795
34.3,585,282,17.15,34.73798542492343,17.368992712461715,2.201188762733218
34.4,367,276,17.2,34.83760718065857,17.418803590329286,2.2067048872650754
34.5,276,276,17.25,34.937228936393716,17.468614468196858,2.2122143405461694
34.6,296,276,17.3,35.03685069212886,17.51842534606443,2.217717105920468
34.7,311,276,17.35,35.136472447864,17.568236223932,2.223213166752159
34.8,328,274,17.4,35.23609420359914,17.61804710179957,2.2287025064256993
34.9,276,268,17.45,35.33571595933428,17.66785797966714,2.234185108345866
35.0,282,264,17.5,35.43533771506942,17.71766885753471,2.2396609559378042
35.1,264,259,17.55,35.534959470804566,17.767479735402283,2.2451300326470793
35.2,261,253,17.6,35.63458122653971,17.817290613269854,2.2505923219397252
35.3,256,247,17.65,35.734202982274844,17.867101491137422,2.2560478073022963
35.4,232,241,17.7,35.83382473800999,17.916912369004994,2.261496472241917
35.5,273,235,17.75,35.93344649374513,17.966723246872565,2.2669383002863293
35.6,248,231,17.8,36.03306824948027,18.016534124740136,2.272373274983946
35.7,247,230,17.85,36.132690005215416,18.066345002607708,2.277801379903897
35.8,230,229,17.9,36.23231176095055,18.116155880475276,2.283222598636083
35.9,245,228,17.95,36.331933516685694,18.165966758342847,2.2886369147912204
36.0,227,222,18.0,36.43155527242084,18.21577763621042,2.294044312000895
36.1,251,213,18.05,36.53117702815598,18.26558851407799,2.2994447739176103
36.2,225,204,18.1,36.63079878389112,18.31539939194556,2.304838284214833
36.3,190,195,18.15,36.73042053962626,18.36521026981313,2.31022482658705
36.4,209,191,18.2,36.830042295361395,18.415021147680697,2.3156043847498107
36.5,211,194,18.25,36.92966405109654,18.46483202554827,2.32097694243978
36.6,224,197,18.3,37.02928580683168,18.51464290341584,2.3263424834147863
36.7,228,200,18.35,37.12890756256682,18.56445378128341,2.331700991453871
36.8,205,201,18.4,37.22852931830196,18.61426465915098,2.337052450357336
36.9,201,201,18.45,37.3281510740371,18.66407553701855,2.3423968439467955
37.0,208,200,18.5,37.427772829772245,18.713886414886122,2.3477341560652234
37.1,200,200,18.55,37.52739458550739,18.763697292753694,2.3530643705770005
37.2,226,198,18.6,37.62701634124253,18.813508170621265,2.358387471367966
37.3,227,194,18.65,37.726638096977666,18.863319048488833,2.363703442345465
37.4,211,189,18.7,37.82625985271281,18.913129926356405,2.3690122674383978
37.5,204,185,18.75,37.92588160844795,18.962940804223976,2.3743139305972676
37.6,204,182,18.8,38.025503364183095,19.012751682091547,2.3796084157942285
37.7,183,181,18.85,38.12512511991824,19.06256255995912,2.384895707023135
37.8,203,180,18.9,38.22474687565337,19.112373437826687,2.390175788299591
37.9,178,179,18.95,38.324368631388516,19.162184315694258,2.395448643660999
38.0,205,180,19.0,38.42399038712366,19.21199519356183,2.400714257166602
38.1,187,184,19.05,38.5236121428588,19.2618060714294,2.405972612897541
38.2,202,188,19.1,38.623233898593945,19.311616949296972,2.411223694956895
38.3,194,192,19.15,38.72285565432908,19.36142782716454,2.416467487469735
38.4,217,192,19.2,38.822477410064224,19.411238705032112,2.42170397458317
38.5,209,188,19.25,38.92209916579937,19.461049582899683,2.426933140466391
38.6,191,185,19.3,39.02172092153451,19.510860460767255,2.432154969310726
38.7,236,181,19.35,39.12134267726965,19.560671338634826,2.437369445329682
38.8,179,180,19.4,39.22096443300479,19.610482216502394,2.4425765527589958
38.9,204,181,19.45,39.32058618873993,19.660293094369965,2.4477762758566812
39.0,188,183,19.5,39.420207944475074,19.710103972237537,2.4529685989030745
39.1,195,184,19.55,39.51982970021022,19.75991485010511,2.458153506200885
39.2,200,186,19.6,39.61945145594536,19.80972572797268,2.4633309820752403
39.3,185,187,19.65,39.71907321168049,19.859536605840244,2.468501010873735
39.4,190,188,19.7,39.81869496741563,19.909347483707815,2.473663576966477
39.5,191,189,19.75,39.918316723150774,19.959158361575387,2.478818664746137
39.6,343,188,19.8,40.01793847888592,20.00896923944296,2.4839662586279907
39.7,404,183,19.85,40.11756023462106,20.05878011731053,2.489106343049972
39.8,342,179,19.9,40.217181990356195,20.108590995178098,2.4942389024727154
39.9,229,174,19.95,40.31680374609134,20.15840187304567,2.4993639213796066
40.0,219,170,20.0,40.41642550182648,20.20821275091324,2.5044813842768257
40.1,172,166,20.05,40.516047257561624,20.258023628780812,2.5095912756933973
40.2,157,163,20.1,40.61566901329677,20.307834506648383,2.5146935801812345
40.3,210,159,20.15,40.7152907690319,20.35764538451595,2.519788282315188
40.4,200,158,20.2,40.814912524767045,20.407456262383523,2.524875366693092
40.5,216,159,20.25,40.91453428050219,20.457267140251094,2.5299548179358102
40.6,179,159,20.3,41.01415603623733,20.507078018118666,2.5350266206872827
40.7,161,161,20.35,41.113777791972474,20.556888895986237,2.5400907596145705
40.8,176,167,20.4,41.21339954770761,20.606699773853805,2.5451472194079066
40.9,182,178,20.45,41.31302130344275,20.656510651721376,2.5501959847807383
41.0,206,189,20.5,41.412643059177896,20.706321529588948,2.5552370404697733
41.1,357,200,20.55,41.51226481491304,20.75613240745652,2.560270371235027
41.2,404,198,20.6,41.61188657064818,20.80594328532409,2.5652959618598716
41.3,321,183,20.65,41.71150832638332,20.85575416319166,2.570313797151075
41.4,204,167,20.7,41.81113008211846,20.90556504105923,2.5753238619388545
41.5,204,152,20.75,41.9107518378536,20.9553759189268,2.5803261410769154
41.6,166,145,20.8,42.010373593588746,21.005186796794373,2.5853206194425034
41.7,144,149,20.85,42.10999534932389,21.054997674661944,2.590307281936446
41.8,156,152,20.9,42.209617105059024,21.104808552529512,2.595286113483198
41.9,157,155,20.95,42.30923886079417,21.154619430397084,2.6002570990308915
42.0,173,154,21.0,42.40886061652931,21.204430308264655,2.605220223551378
42.1,163,150,21.05,42.50848237226445,21.254241186132226,2.61017547204027
42.2,147,146,21.1,42.60810412799959,21.304052063999794,2.6151228295169964
42.3,157,142,21.15,42.707725883734724,21.353862941867362,2.620062281024838
42.4,143,141,21.2,42.80734763946987,21.403673819734934,2.624993811630979
42.5,140,143,21.25,42.90696939520501,21.453484697602505,2.6299174064265487
42.6,166,144,21.3,43.00659115094015,21.503295575470077,2.634833050526667
42.7,158,146,21.35,43.106212906675296,21.553106453337648,2.639740729070492
42.8,149,145,21.4,43.20583466241043,21.602917331205216,2.6446404272212622
42.9,147,142,21.45,43.305456418145575,21.652728209072787,2.6495321301663424
43.0,150,138,21.5,43.40507817388072,21.70253908694036,2.6544158231172665
43.1,143,135,21.55,43.50469992961586,21.75234996480793,2.6592914913097876
43.2,152,134,21.6,43.604321685351,21.8021608426755,2.6641591200039154
43.3,133,136,21.65,43.70394344108614,21.85197172054307,2.6690186944839667
43.4,153,138,21.7,43.80356519682128,21.90178259841064,2.673870200058607
43.5,141,140,21.75,43.903186952556425,21.951593476278212,2.6787136220608945
43.6,154,139,21.8,44.00280870829157,22.001404354145784,2.6835489458483277
43.7,156,136,21.85,44.10243046402671,22.051215232013355,2.6883761568028843
43.8,127,132,21.9,44.202052219761846,22.101026109880923,2.6931952403310713
43.9,151,129,21.95,44.30167397549699,22.150836987748495,2.6980061818639647
44.0,145,128,22.0,44.40129573123213,22.200647865616066,2.702808966857256
44.1,135,131,22.05,44.500917486967275,22.250458743483637,2.7076035807912957
44.2,145,133,22.1,44.60053924270242,22.30026962135121,2.7123900091711346
44.3,138,136,22.15,44.70016099843755,22.350080499218777,2.717168237526572
44.4,145,133,22.2,44.799782754172696,22.399891377086348,2.7219382514121975
44.5,137,126,22.25,44.89940450990784,22.44970225495392,2.7267000364074323
44.6,114,118,22.3,44.99902626564298,22.49951313282149,2.7314535781165774
44.7,107,111,22.35,45.098648021378125,22.549324010689062,2.736198862168852
44.8,153,109,22.4,45.19826977711326,22.59913488855663,2.7409358742184433
44.9,148,112,22.45,45.2978915328484,22.6489457664242,2.745664599944542
45.0,120,115,22.5,45.397513288583546,22.698756644291773,2.750385025051395
45.1,156,118,22.55,45.49713504431868,22.74856752215934,2.755097135268336
45.2,127,117,22.6,45.596756800053825,22.798378400026913,2.759800916349844
45.3,146,112,22.65,45.69637855578896,22.84818927789448,2.764496354075572
45.4,99,107,22.7,45.796000311524104,22.898000155762052,2.769183434250402
45.5,110,102,22.75,45.89562206725925,22.947811033629623,2.773862142704477
45.6,120,103,22.8,45.99524382299439,22.997621911497195,2.778532465293253
45.7,161,110,22.85,46.09486557872953,23.047432789364766,2.7831943878975363
45.8,144,118,22.9,46.19448733446467,23.097243667232334,2.787847896423527
45.9,129,125,22.95,46.29410909019981,23.147054545099905,2.792492976802865
46.0,144,128,23.0,46.393730845934954,23.196865422967477,2.7971296149926683
46.1,143,127,23.05,46.4933526016701,23.24667630083505,2.801757796975578
46.2,125,126,23.1,46.59297435740524,23.29648717870262,2.8063775087597955
46.3,124,125,23.15,46.692596113140375,23.346298056570188,2.8109887363791364
46.4,127,120,23.2,46.79221786887552,23.39610893443776,2.8155914658930596
46.5,143,112,23.25,46.89183962461066,23.44591981230533,2.8201856833867187
46.6,119,103,23.3,46.991461380345804,23.495730690172902,2.824771374970997
46.7,127,95,23.35,47.09108313608095,23.545541568040473,2.8293485267825575
46.8,91,94,23.4,47.19070489181608,23.59535244590804,2.833917124983877
46.9,105,99,23.45,47.290326647551225,23.645163323775613,2.8384771557632917
47.0,138,104,23.5,47.38994840328637,23.694974201643184,2.843028605335041
47.1,129,109,23.55,47.48957015902151,23.744785079510756,2.847571459939305
47.2,112,112,23.6,47.589191914756654,23.794595957378327,2.8521057058422468
47.3,127,111,23.65,47.68881367049179,23.844406835245895,2.8566313293360572
47.4,131,111,23.7,47.78843542622693,23.894217713113466,2.8611483167389937
47.5,128,110,23.75,47.888057181962076,23.944028590981038,2.8656566543954205
47.6,110,109,23.8,47.98767893769722,23.99383946884861,2.870156328675853
47.7,128,105,23.85,48.08730069343236,24.04365034671618,2.874647325976998
47.8,113,102,23.9,48.1869224491675,24.09346122458375,2.8791296327217926
47.9,136,99,23.95,48.28654420490264,24.14327210245132,2.883603235359448
48.0,113,101,24.0,48.38616596063778,24.19308298031889,2.888068120365489
48.1,98,107,24.05,48.48578771637292,24.24289385818646,2.8925242742417963
48.2,126,114,24.1,48.58540947210806,24.29270473605403,2.8969716835166444
48.3,139,120,24.15,48.6850312278432,24.3425156139216,2.901410334744746
48.4,123,118,24.2,48.78465298357834,24.39232649178917,2.9058402145072906
48.5,130,109,24.25,48.88427473931348,24.44213736965674,2.910261309411985
48.6,131,101,24.3,48.983896495048626,24.491948247524313,2.9146736060930936
48.7,110,91,24.35,49.08351825078377,24.541759125391884,2.9190770912114807
48.8,87,89,24.4,49.183140006518904,24.591570003259452,2.923471751454648
48.9,130,94,24.45,49.28276176225405,24.641380881127024,2.927857573536778
49.0,150,99,24.5,49.38238351798919,24.691191758994595,2.9322345441987703
49.1,118,104,24.55,49.48200527372433,24.741002636862166,2.936602650208286
49.2,110,108,24.6,49.581627029459476,24.790813514729738,2.9409618783597846
49.3,106,113,24.65,49.68124878519461,24.840624392597306,2.9453122154745643
49.4,140,117,24.7,49.780870540929754,24.890435270464877,2.949653648400804
49.5,124,122,24.75,49.8804922966649,24.94024614833245,2.9539861640136
49.6,127,124,24.8,49.98011405240004,24.99005702620002,2.9583097492150077
49.7,124,123,24.85,50.07973580813518,25.03986790406759,2.962624390934083
49.8,130,122,24.9,50.17935756387032,25.08967878193516,2.966930076126913
49.9,121,121,24.95,50.27897931960546,25.13948965980273,2.9712267917766706
50.0,138,117,25.0,50.378601075340605,25.189300537670302,2.9755145248936388
50.1,126,110,25.05,50.47822283107575,25.239111415537874,2.9797932625152583
50.2,121,102,25.1,50.57784458681089,25.288922293405445,2.9840629917061645
50.3,122,95,25.15,50.677466342546026,25.338733171273013,2.988323699558228
50.4,118,93,25.2,50.77708809828117,25.388544049140584,2.992575373190591
50.5,91,96,25.25,50.87670985401631,25.438354927008156,2.9968179997497097
50.6,113,98,25.3,50.976331609751455,25.488165804875727,3.0010515664093877
50.7,137,102,25.35,51.0759533654866,25.5379766827433,3.005276060370821
50.8,103,103,25.4,51.17557512122173,25.587787560610867,3.0094914688626337
50.9,134,103,25.45,51.275196876956876,25.637598438478438,3.0136977791409167
51.0,150,103,25.5,51.37481863269201,25.687409316346006,3.0178949784892652
