(benzonitrile)Wavelength (nm),(benzonitrile)Abs,(benzonitrile-13)Wavelength (nm),(benzonitrile-13)Abs,(benzonitrile-15)Wavelength (nm),(benzonitrile-15)Abs,(Toluene)Wavelength (nm),(Toluene)Abs,(Toluene-14)Wavelength (nm),(Toluene-14)Abs,
800,0.04821301252,800,0.007406439167,800,0.02025947906,800,0.03024654277,800,-0.0003371632483,
799,0.0482330583,799,0.007345275953,799,0.02038566954,799,0.03026810847,799,-0.0004809537495,
798,0.04838228971,798,0.007539563812,798,0.02051360533,798,0.03036748059,798,-0.0003679425572,
797,0.04836307466,797,0.007394853514,797,0.02046093345,797,0.03020380624,797,-0.0004104092368,
796,0.04836923629,796,0.007221343927,796,0.02037248388,796,0.03022986464,796,-0.0004541647213,
795,0.04838373512,795,0.00738418987,795,0.02057225443,795,0.0302214548,795,-0.0004610948672,
794,0.04833182693,794,0.007481068373,794,0.0204788167,794,0.03022098355,794,-0.0003504063934,
793,0.04838627949,793,0.007409572601,793,0.02059003338,793,0.03025722876,793,-0.0003783915017,
792,0.04840057716,792,0.007527474314,792,0.02052239887,792,0.03033153154,792,-0.0004167711304,
791,0.04831996188,791,0.007375975139,791,0.02041231096,791,0.03022070602,791,-0.0004003231297,
790,0.04835931212,790,0.007341853343,790,0.02052047104,790,0.03028653748,790,-0.0004696280812,
789,0.04828212038,789,0.00740883546,789,0.02050036192,789,0.03028423339,789,-0.0004381836334,
788,0.04833975434,788,0.007369419094,788,0.02041716874,788,0.03027959913,788,-0.0005226854701,
787,0.04826702178,787,0.007444041781,787,0.02043800615,787,0.03022020683,787,-0.0004779542796,
786,0.04830150306,786,0.007456155494,786,0.02033002861,786,0.03017503023,786,-0.0005150840734,
785,0.04831545055,785,0.007438485511,785,0.02046964504,785,0.03023427725,785,-0.0003930299717,
784,0.04829427227,784,0.007420158014,784,0.02037785575,784,0.03021385148,784,-0.0004468724655,
783,0.04826580361,783,0.007469770499,783,0.02039416134,783,0.03026647121,783,-0.0004111333692,
782,0.04835037142,782,0.00745265279,782,0.0203963574,782,0.03022314794,782,-0.0004390111426,
781,0.04823363572,781,0.007318817545,781,0.02026625909,781,0.03021013364,781,-0.0005956416717,
780,0.04832751304,780,0.007418788504,780,0.02035599016,780,0.03026380576,780,-0.0004502858792,
779,0.04829918966,779,0.007464055903,779,0.020285815,779,0.03020189144,779,-0.0005102749565,
778,0.04822151735,778,0.007389324252,778,0.02018771879,778,0.0301000867,778,-0.000658402103,
777,0.04830190912,777,0.00747830281,777,0.02028630301,777,0.03021052107,777,-0.0005247021327,
776,0.04830263183,776,0.007409151178,776,0.02033564448,776,0.03023274988,776,-0.0004530786537,
775,0.04823502526,775,0.007487467956,775,0.02024692111,775,0.03023494221,775,-0.0004844703071,
774,0.04840894043,774,0.007466662675,774,0.02035037428,774,0.03029392101,774,-0.0005186520866,
773,0.04829137772,773,0.007463844959,773,0.02017394453,773,0.03029389307,773,-0.0005046384176,
772,0.04827925563,772,0.007522943895,772,0.02029305696,772,0.03021432273,772,-0.0004939339124,
771,0.04822070897,771,0.007391351741,771,0.02015696838,771,0.03018873744,771,-0.00056653301,
770,0.04818666354,770,0.007462133188,770,0.02014422417,770,0.03013268672,770,-0.0005269256071,
769,0.04823968187,769,0.007557079662,769,0.02020089887,769,0.03021992929,769,-0.0005208756193,
768,0.04829635471,768,0.007524603512,768,0.02019647881,768,0.03014728241,768,-0.000502569892,
767,0.0482483916,767,0.007466030773,767,0.02022104897,767,0.03021873534,767,-0.000558363623,
766,0.04832366481,766,0.007516649086,766,0.02015599236,766,0.03023377806,766,-0.0004768682702,
765,0.04836400226,765,0.007519414648,765,0.02024466917,765,0.03042872436,765,-0.0005254260614,
764,0.04823013768,764,0.00740978308,764,0.02018186264,764,0.03019928187,764,-0.0005835951306,
763,0.04829126224,763,0.007469454315,763,0.02013983205,763,0.03020658158,763,-0.0005924878642,
762,0.04824167863,762,0.007544884458,762,0.02016486041,762,0.03019600734,762,-0.0006273848703,
761,0.04831342399,761,0.00753461197,761,0.020136768,761,0.03029328212,761,-0.0005087236059,
760,0.04816016927,760,0.007480515167,760,0.0201883968,760,0.03020730242,760,-0.0006302799447,
759,0.04821943492,759,0.007463133894,759,0.02010916732,759,0.03026655316,759,-0.0006473395624,
758,0.04823762923,758,0.007440671325,758,0.02017166652,758,0.03026286326,758,-0.0006572648417,
757,0.04827824607,757,0.007497185841,757,0.02011624351,757,0.03034801967,757,-0.0006420149584,
756,0.04824040458,756,0.007536271587,756,0.02017649263,756,0.03028354049,756,-0.0005325101665,
755,0.04817894101,755,0.007503375411,755,0.02011290751,755,0.0302516222,755,-0.0006669831346,
754,0.04820543528,754,0.007512724958,754,0.0201135315,754,0.03024915233,754,-0.0006175106391,
753,0.04820731655,753,0.007502611261,753,0.02009859309,753,0.03034102544,753,-0.0005690665566,
752,0.04823733866,752,0.007513330784,752,0.020213563,752,0.03035784699,752,-0.0005645682686,
751,0.04830413684,751,0.007614031434,751,0.02020830289,751,0.03047398292,751,-0.0005017942167,
750,0.04819551483,750,0.007520389277,750,0.02018237673,750,0.03030396812,750,-0.000710712804,
749,0.04831761867,749,0.00753811514,749,0.020138992,749,0.03040168248,749,-0.0006295561907,
748,0.04824734852,748,0.007540169638,748,0.02018148266,748,0.03036473133,748,-0.00051860034,
747,0.04833752662,747,0.007608525455,747,0.02023707703,747,0.03041925654,747,-0.000538456603,
746,0.04829852656,746,0.007549757138,746,0.02016816847,746,0.03038510866,746,-0.000616218138,
745,0.04825411737,745,0.007582420018,745,0.02024589106,745,0.03042289428,745,-0.000539335655,
744,0.04828738794,744,0.007547729183,744,0.02025858313,744,0.03045401908,744,-0.0005998294218,
743,0.04831186309,743,0.007535296958,743,0.0201861728,743,0.03046365455,743,-0.0006191132707,
742,0.0482997112,742,0.007669172715,742,0.02018243074,742,0.03039535321,742,-0.0005812685704,
741,0.04822215438,741,0.007497475948,741,0.02012990788,741,0.03036975674,741,-0.0005848876899,
740,0.0481932573,740,0.007585212123,740,0.02025776915,740,0.03039485402,740,-0.0005978647969,
739,0.0482901074,739,0.007603493985,739,0.020362854,739,0.03037855774,739,-0.0005995192332,
738,0.04831469804,738,0.00762119703,738,0.02034031041,738,0.03047873266,738,-0.0006783036515,
737,0.04826325923,737,0.007616981864,737,0.02023656107,737,0.03039438091,737,-0.000615494384,
736,0.04826268181,736,0.007490522694,736,0.0202230271,736,0.03039163351,736,-0.0006540598115,
735,0.04832861573,735,0.007655709516,735,0.02027838305,735,0.03030513413,735,-0.0006089803064,
734,0.04825255647,734,0.007617798634,734,0.02023935504,734,0.03042500466,734,-0.0006471844972,
733,0.04819921777,733,0.007563375402,733,0.02023959905,733,0.03035298921,733,-0.0006334851496,
732,0.04830497503,732,0.007537798956,732,0.02033713646,732,0.03036700748,732,-0.0006144603831,
731,0.04825076088,731,0.007564587053,731,0.02028093301,731,0.03033822216,731,-0.0007046653191,
730,0.0482779257,730,0.007655419409,730,0.02033108659,730,0.03042603098,730,-0.0006571614649,
729,0.04826213047,729,0.007578416262,729,0.0202645231,729,0.03025756218,729,-0.0006924667978,
728,0.04827263206,728,0.007619300392,728,0.02025953308,728,0.03032711893,728,-0.0007758339052,
727,0.0482323356,727,0.007623910438,727,0.02034568042,727,0.03029758483,727,-0.0006579368492,
726,0.04834056273,726,0.00767386239,726,0.02044826187,726,0.03055410087,726,-0.0005816304474,
725,0.04821532592,725,0.007609684486,725,0.02039752528,725,0.03035357222,725,-0.000649355643,
724,0.04830179363,724,0.007637029979,724,0.02043610625,724,0.03048378602,724,-0.0006658976199,
723,0.04831571132,723,0.007679948583,723,0.02047914267,723,0.03046543151,723,-0.000650337839,
722,0.04836735874,722,0.007689354941,722,0.0204837285,722,0.03055523895,722,-0.0006012770464,
721,0.04828950018,721,0.007655656431,721,0.0204507038,721,0.03049658798,721,-0.0006867292104,
720,0.04830000177,720,0.007648833096,720,0.0205755122,720,0.03060140088,720,-0.0005806481349,
719,0.04829606414,719,0.007537272293,719,0.02046459727,719,0.03053252213,719,-0.0007254951051,
718,0.04831287637,718,0.007614900824,718,0.0205386281,718,0.03064628877,718,-0.000667913584,
717,0.04829690605,717,0.007567036431,717,0.02055119351,717,0.03066859581,717,-0.0007217737148,
716,0.04835951701,716,0.007621908095,716,0.02056202292,716,0.03066192754,716,-0.0006913296529,
715,0.04836767539,715,0.007651309483,715,0.02062618919,715,0.03069940396,715,-0.0007169152377,
714,0.04845272377,714,0.007641376927,714,0.02065971494,714,0.0307709761,714,-0.0006745301653,
713,0.04847579077,713,0.007613504305,713,0.02066454664,713,0.0307206586,713,-0.0007186208968,
712,0.04848181084,712,0.007677919697,712,0.02071246505,712,0.03072721511,712,-0.0007183107664,
711,0.04848609492,711,0.007592746057,711,0.0206486918,711,0.03060495481,711,-0.0007629137835,
710,0.04850554466,710,0.0076747844,710,0.02074898407,710,0.03063170426,710,-0.0007095239707,
709,0.04856364056,709,0.007705454249,709,0.02076723054,709,0.03063903749,709,-0.0006818703259,
708,0.04855110869,708,0.007585001644,708,0.02071941458,708,0.0305005312,708,-0.0007439464098,
707,0.04858868197,707,0.007596591953,707,0.02079460211,707,0.03054010309,707,-0.0007838441525,
706,0.0485566929,706,0.007619273849,706,0.02087287232,706,0.03052069061,706,-0.0007130904123,
705,0.04855579883,705,0.007674099412,705,0.02093988098,705,0.03048845008,705,-0.0007158297813,
704,0.04849503934,704,0.007630970795,704,0.02087949961,704,0.03039560281,704,-0.0007418791065,
703,0.04842838645,703,0.007688195445,703,0.02097269706,703,0.03051236086,703,-0.0006938106962,
702,0.04851266742,702,0.007650281768,702,0.02099589817,702,0.03048684075,702,-0.0006953097181,
701,0.04842856154,701,0.007635897491,701,0.02099853382,701,0.03045693412,701,-0.0007521639927,
700,0.0484419018,700,0.007731672376,700,0.02106466703,700,0.03038669191,700,-0.0006810432533,
699,0.04840292037,699,0.007686377503,699,0.02104863524,699,0.03046323732,699,-0.000796091801,
698,0.04837213084,698,0.007615822833,698,0.02109953016,698,0.03043638729,698,-0.0007650844054,
697,0.04839565605,697,0.007706956007,697,0.02104953304,697,0.03049794771,697,-0.0008045150898,
696,0.0484264195,696,0.007664825302,696,0.02118948847,696,0.03047723323,696,-0.0006979975151,
695,0.04839088395,695,0.007686904632,695,0.02116999961,695,0.03048186935,695,-0.0007682369323,
694,0.04838590696,694,0.007690883242,694,0.02120557986,694,0.0304113999,694,-0.0007777977153,
693,0.04839991033,693,0.00773046026,693,0.02125388198,693,0.03050250188,693,-0.0007645158912,
692,0.0483254008,692,0.007685086224,692,0.02120598592,692,0.03036984056,692,-0.0008188291104,
691,0.04834339768,691,0.007739894092,691,0.02134332806,691,0.03052077442,691,-0.0006867808988,
690,0.04829262197,690,0.007647252176,690,0.02134906501,690,0.03044069186,690,-0.0007736633415,
689,0.04837869853,689,0.007632577792,689,0.02129229531,689,0.03050844558,689,-0.000722859113,
688,0.0483247079,688,0.007668750826,688,0.02132068016,688,0.03034743667,688,-0.00076487771,
687,0.04828715697,687,0.007702792529,687,0.02133324184,687,0.03043774888,687,-0.0007374343113,
686,0.04828646034,686,0.007678394206,686,0.02141612209,686,0.03040293232,686,-0.0007615701179,
685,0.04827807099,685,0.007682557218,685,0.02138237469,685,0.03048559092,685,-0.0007680301787,
684,0.04834134504,684,0.007715914864,684,0.02148971707,684,0.03045660071,684,-0.0007384679629,
683,0.04830193892,683,0.007712779101,683,0.02146589011,683,0.03046734817,683,-0.000769167149,
682,0.04827986658,682,0.007690408733,682,0.02152711712,682,0.03043352813,682,-0.0008007943979,
681,0.04831588268,681,0.007782875095,681,0.02154477127,681,0.03048723005,681,-0.0007339714211,
680,0.04829201475,680,0.007724188734,680,0.02156781219,680,0.03044494055,680,-0.0007713377126,
679,0.04835937172,679,0.007679421455,679,0.02155078202,679,0.03050003015,679,-0.0007364006015,
678,0.04822684079,678,0.007712621242,678,0.02151778713,678,0.03050008602,678,-0.0007763506728,
677,0.04830584303,677,0.0077187079,677,0.02155320346,677,0.03041775897,677,-0.0007445666124,
676,0.04827512056,676,0.007764085196,676,0.02156963386,676,0.03044024669,676,-0.000829525583,
675,0.04832045361,675,0.007718154695,675,0.02161593921,675,0.03050641716,675,-0.0007519572973,
674,0.04824072495,674,0.007680106908,674,0.02156539075,674,0.03045940585,674,-0.0007933528977,
673,0.04837771505,673,0.007707403973,673,0.0215676222,673,0.03053921461,673,-0.0007662730641,
672,0.04829939455,672,0.007788356859,672,0.02158252895,672,0.03051208332,672,-0.0007590377354,
671,0.04830046371,671,0.007734412793,671,0.0215448793,671,0.03049689345,671,-0.0007433262654,
670,0.04830789939,670,0.007669910323,670,0.02154283971,670,0.0305506289,670,-0.0008101994172,
669,0.04834944755,669,0.007798160892,669,0.02162908018,669,0.03046257235,669,-0.0007604330895,
668,0.04825024307,668,0.007808149792,668,0.02159199677,668,0.03057387471,668,-0.0007168635493,
667,0.04828052968,667,0.007731593214,667,0.02152551152,667,0.0304933656,667,-0.0007380545139,
666,0.04823372513,666,0.007789833006,666,0.02151697129,666,0.03051549755,666,-0.0007523190579,
665,0.04829571769,665,0.007703372277,665,0.02153051645,665,0.03046837449,665,-0.0007964535034,
664,0.04829279706,664,0.007713991217,664,0.02147995122,664,0.03055965528,664,-0.0008198109572,
663,0.04820291698,663,0.007728404831,663,0.02148596384,663,0.0304349158,663,-0.0007881851052,
662,0.04829117656,662,0.007779923733,662,0.02154912241,662,0.03058965132,662,-0.0007151578902,
661,0.04817920178,661,0.007763373666,661,0.02147350647,661,0.03049853072,661,-0.000793817977,
660,0.0482179001,660,0.007713806815,660,0.0215012487,660,0.0306072887,660,-0.0007573838811,
659,0.04824532568,659,0.007697470021,659,0.02151664346,659,0.03052669019,659,-0.0008371731383,
658,0.0481932573,658,0.007800401188,658,0.02155219764,658,0.03057476506,658,-0.0007493214798,
657,0.04817174003,657,0.007792336401,657,0.02152967453,657,0.03053721599,657,-0.0007600196404,
656,0.04822764918,656,0.007811707444,656,0.02156413905,656,0.03056590445,656,-0.0007163466653,
655,0.04818012565,655,0.007814527489,655,0.02156615257,655,0.03052519076,655,-0.0008311791462,
654,0.04824376106,654,0.007850135677,654,0.02160900086,654,0.03061412089,654,-0.0007720096037,
653,0.04815528169,653,0.007835612632,653,0.02150652558,653,0.03051458113,653,-0.0008139200509,
652,0.04819395021,652,0.007811496966,652,0.02146923542,652,0.03058734536,652,-0.0007774359547,
651,0.04813636839,651,0.007810521405,651,0.02146281675,651,0.03053341061,651,-0.0008605800685,
650,0.0481829308,650,0.007864106447,650,0.0215632692,650,0.03059081733,650,-0.000795109896,
649,0.04815791547,649,0.007879078388,649,0.02155284956,649,0.03060906567,649,-0.0008056519437,
648,0.04819502309,648,0.007839513943,648,0.02157926559,648,0.03063100949,648,-0.0007910273853,
647,0.048112683,647,0.007852086797,647,0.02153916657,647,0.03060898371,647,-0.0008574281819,
646,0.04820349813,646,0.007957268506,646,0.02168279141,646,0.03066145629,646,-0.0007427576929,
645,0.04815753922,645,0.007901537232,645,0.02154496126,645,0.03058892861,645,-0.0008284921059,
644,0.0482243821,644,0.008047313429,644,0.02170036919,644,0.03061520495,644,-0.0006927769282,
643,0.04816155881,643,0.008012981154,643,0.02164978534,643,0.0306842085,643,-0.0007293198141,
642,0.04817902669,642,0.008051585406,642,0.02168831415,642,0.0306637343,642,-0.0007121083327,
641,0.04813659936,641,0.008040009066,641,0.02168170363,641,0.03063448332,641,-0.0008249783423,
640,0.04819218814,640,0.008125771768,640,0.02177161723,640,0.0307020992,640,-0.0007047170075,
639,0.04820364341,639,0.008179263212,639,0.02174902894,639,0.03061609343,639,-0.0008093209472,
638,0.04824816063,638,0.008171929978,638,0.02183166146,638,0.03065023199,638,-0.0007309220382,
637,0.04821130633,637,0.008296502754,637,0.02181938477,637,0.03077567182,637,-0.0006523539196,
636,0.04822507501,636,0.00831167493,636,0.02183890156,636,0.03071296215,636,-0.0006947411457,
635,0.04821879789,635,0.008379017003,635,0.02182932012,635,0.0307117682,635,-0.0007296816329,
634,0.04824648052,634,0.008526590653,634,0.02195871808,634,0.03066551127,634,-0.0006202506484,
633,0.04822982103,633,0.008536938578,633,0.02187769488,633,0.03073604964,633,-0.000610686373,
632,0.048203554,632,0.008569465019,632,0.02185164206,632,0.0306554269,632,-0.0006277467473,
631,0.04825414717,631,0.008740318008,631,0.02189062536,631,0.03074230254,631,-0.0006193717709,
630,0.04825619981,630,0.008793409914,630,0.02185798436,630,0.03066956811,630,-0.0005518487305,
629,0.04825848714,629,0.008921755478,629,0.02191074379,629,0.03073530085,629,-0.0004920205101,
628,0.04825894907,628,0.00902703777,628,0.0220224373,628,0.03070079349,628,-0.0004272189108,
627,0.04827031866,627,0.009143766947,627,0.02203850448,627,0.03073035367,627,-0.000319522369,
626,0.04834264517,626,0.009303553961,626,0.02209471911,626,0.0306811519,626,-0.0002093670046,
625,0.04840888083,625,0.009411548264,625,0.02221896499,625,0.0308328066,625,-6.11901196E-5,
624,0.04834380373,624,0.009473637678,624,0.02218441851,624,0.03076152876,624,-3.939665839E-5,
623,0.04841828719,623,0.009579557925,623,0.02226405591,623,0.03078956529,623,3.776927042E-5,
622,0.04837644473,622,0.009704958647,622,0.02229495719,622,0.03073293902,622,6.378770922E-5,
621,0.04844537377,621,0.009869295172,621,0.02232727595,621,0.03079498559,621,2.107168984E-5,
620,0.04837623984,620,0.01006810647,620,0.02232002653,620,0.03073360585,620,-5.849834997E-5,
619,0.04848030582,619,0.01030708756,619,0.02233436145,619,0.03082266264,619,-7.506282418E-5,
618,0.04833515361,618,0.01054081507,618,0.02227353863,618,0.03077884018,618,-0.000198241265,
617,0.04842763394,617,0.01091167051,617,0.0223546382,617,0.03084561788,617,-0.0001661561255,
616,0.04840121418,616,0.0113216592,616,0.02234354615,616,0.03074935824,616,-0.0002460540854,
615,0.048491247,615,0.0118738357,615,0.02240356058,615,0.03086901829,615,-0.0002086942986,
614,0.0484091416,614,0.01226577535,614,0.02234237269,614,0.03081349283,614,-0.0002815480402,
613,0.04850531369,613,0.01286085416,613,0.02235687152,613,0.03089436702,613,-0.0002615248377,
612,0.04842442274,612,0.01343587041,612,0.02228787169,612,0.03085770644,612,-0.0003597177274,
611,0.04846328869,611,0.014120901,611,0.02234531753,611,0.03088861331,611,-0.0002758050687,
610,0.04847281054,610,0.01472707186,610,0.02238949575,610,0.03085120395,610,-0.0002847040887,
609,0.04844876006,609,0.0153096607,609,0.02236379497,609,0.03086787835,609,-0.0002365850669,
608,0.04845443368,608,0.01597125642,608,0.02235529199,608,0.03095004335,608,-0.0001077240377,
607,0.04846129194,607,0.01656264439,607,0.02238581702,607,0.03091979958,607,-6.730299447E-6,
606,0.04844172671,606,0.01702094078,606,0.02238924988,606,0.03089525551,606,8.35161627E-5,
605,0.04845145345,605,0.01737326011,605,0.02248274721,605,0.03083775379,605,0.0002391486341,
604,0.04841241241,604,0.01772586443,604,0.0224654898,604,0.03094206378,604,0.0004219390976,
603,0.048503723,603,0.01790211163,603,0.02255960368,603,0.03096402436,603,0.0006749313325,
602,0.04846450314,602,0.01787670329,602,0.02248053811,602,0.03097725846,602,0.0008809640422,
601,0.0483863391,601,0.01784981042,601,0.0225982964,601,0.03087655082,601,0.001173026394,
600,0.0484582819,600,0.01779249869,600,0.02271278389,600,0.03104503825,600,0.001519053592,
599,0.04841102287,599,0.01748581231,599,0.02273065038,599,0.03089286573,599,0.001772893826,
598,0.04842222109,598,0.01719558425,598,0.02291300707,598,0.0309673883,598,0.002190783853,
597,0.04834550992,597,0.01678289287,597,0.02302146517,597,0.0308640711,597,0.002577983541,
596,0.04841547832,596,0.01631019823,596,0.02314971574,596,0.03098598681,596,0.003003139747,
595,0.04837155342,595,0.01587407663,595,0.02335604094,595,0.03090423346,595,0.003435470164,
594,0.0484091714,594,0.01541358046,594,0.02365771681,594,0.03097803518,594,0.003860918572,
593,0.0483513847,593,0.01489573065,593,0.02395982109,593,0.0309231896,593,0.004191844258,
592,0.04847263917,592,0.01444355026,592,0.02448125929,592,0.03099224158,592,0.004584861454,
591,0.0483700484,591,0.01404587086,591,0.02499556541,591,0.03093136288,591,0.004828983452,
590,0.04848815128,590,0.0136834709,590,0.02580373921,590,0.03097025305,590,0.005031732842,
589,0.04845587909,589,0.0134283416,589,0.02695562318,589,0.03097425587,589,0.005212281831,
588,0.04851061106,588,0.01320124697,588,0.02837436646,588,0.0310255494,588,0.005193602759,
587,0.0484026596,587,0.01295949519,587,0.0301402621,587,0.03097867593,587,0.005021467339,
586,0.04854578152,586,0.0129307732,586,0.03264047578,586,0.03108096309,586,0.004884112161,
585,0.04852638766,585,0.01277508494,585,0.03575905785,585,0.03096232936,585,0.004564980045,
584,0.04855385795,584,0.01282848511,584,0.0396979861,584,0.0310028065,584,0.004231835715,
583,0.04852256551,583,0.01304927655,583,0.04465360567,583,0.03097400442,583,0.003917204682,
582,0.04858616367,582,0.0131957233,582,0.05064033717,582,0.03099238127,582,0.003616818227,
581,0.04851263762,581,0.01350545511,581,0.05769475922,581,0.03101214767,581,0.003279288299,
580,0.0485691987,580,0.01400651596,580,0.06582608074,580,0.03104164638,580,0.003142639063,
579,0.04853194579,579,0.01444293465,579,0.07435622066,579,0.03100080416,579,0.002834710525,
578,0.04861685261,578,0.01515802275,578,0.08322905004,578,0.03107759915,578,0.002824991941,
577,0.04855073243,577,0.01589104533,577,0.09161067009,577,0.03100747801,577,0.002713699592,
576,0.04866902903,576,0.01681394316,576,0.09909063578,576,0.03106708825,576,0.002784921322,
575,0.04863859713,575,0.01767296344,575,0.1046920046,575,0.0311133042,575,0.002891775686,
574,0.04870067909,574,0.0187883731,574,0.1085458025,574,0.03112612292,574,0.003079492599,
573,0.04865704104,573,0.0200055819,573,0.1102225706,573,0.03111864254,573,0.003311344422,
572,0.0486725606,572,0.02123072185,572,0.1100557148,572,0.0310639739,572,0.0036224043,
571,0.04875274748,571,0.02263363637,571,0.1083616763,571,0.03118285723,571,0.004139155149,
570,0.04866865277,570,0.02395869978,570,0.1051357388,570,0.03110218048,570,0.00464367494,
569,0.04877968132,569,0.0253192354,569,0.1007953808,569,0.03116327897,569,0.005349269137,
568,0.04882900789,568,0.02671460249,568,0.09538447857,568,0.03120791912,568,0.006224040873,
567,0.04875665531,567,0.02792461216,567,0.08909261972,567,0.03119462356,567,0.007098973263,
566,0.04881099239,566,0.02904195711,566,0.08256137371,566,0.03115657531,566,0.008116566576,
565,0.04880073667,565,0.03012450226,565,0.07617624849,565,0.03120210581,565,0.009425039403,
564,0.04878735542,564,0.03090951405,564,0.07008071244,564,0.0311394725,564,0.01081057359,
563,0.04876158014,563,0.03159187362,563,0.06465667486,563,0.03120649979,563,0.01246360876,
562,0.04883222282,562,0.03218539059,562,0.06007054076,562,0.03121453896,562,0.01429066248,
561,0.04883848131,561,0.03244590014,561,0.05620146543,561,0.03129487485,561,0.01633226499,
560,0.04884934425,560,0.03263363987,560,0.05316447467,560,0.03122243844,560,0.01839199103,
559,0.04883700237,559,0.0325159207,559,0.05106143653,559,0.0312403515,559,0.02070597559,
558,0.04879775643,558,0.03223351017,558,0.04937101528,558,0.03116266616,558,0.02300334163,
557,0.04887164757,557,0.03180146962,557,0.04846713692,557,0.03120202199,557,0.02542351931,
556,0.04884931445,556,0.0311966259,556,0.04840726033,556,0.03117445856,556,0.02779701352,
555,0.04885861278,555,0.03047995456,555,0.04880974814,555,0.03127773851,555,0.03012455814,
554,0.04897067696,554,0.02969025634,554,0.04971886799,554,0.03132506087,554,0.03232675418,
553,0.04891913384,553,0.02879119851,553,0.05117873102,553,0.03134000301,553,0.03402581066,
552,0.04884928465,552,0.0277433116,552,0.05289586261,552,0.03125464916,552,0.03540799767,
551,0.0489439033,551,0.02676134743,551,0.05518976226,551,0.03143488988,551,0.03645910695,
550,0.0489439629,550,0.02566182241,550,0.05757734925,550,0.03125261888,550,0.03687050566,
549,0.04902712628,549,0.02455003373,549,0.06042968854,549,0.03135992214,549,0.03680696338,
548,0.04892860726,548,0.02332307212,548,0.06380688399,548,0.03136334568,548,0.03617629036,
547,0.04896114394,547,0.02219343744,547,0.06759820879,547,0.03137500584,547,0.03518371284,
546,0.04896236211,546,0.02110132389,546,0.07183337212,546,0.03125186637,546,0.03382244334,
545,0.04898171872,545,0.01998037286,545,0.07634453475,545,0.03133362904,545,0.03221912682,
544,0.0489942655,544,0.01903552748,544,0.08091097325,544,0.0313943699,544,0.03042328358,
543,0.04901793972,543,0.01801366918,543,0.08518819511,543,0.03136184439,543,0.02838478424,
542,0.04899777099,542,0.01716385968,542,0.08908327669,542,0.03136139736,542,0.0264040567,
541,0.04903767258,541,0.01643465646,541,0.09239365906,541,0.03137578443,541,0.0243354477,
540,0.04905790463,540,0.01580021903,540,0.09506306052,540,0.03141919523,540,0.02225484699,
539,0.04910100251,539,0.01510937419,539,0.09693007171,539,0.0314385891,539,0.02014080808,
538,0.0491056107,538,0.01455060858,538,0.09814266115,538,0.03144738451,538,0.0181766469,
537,0.04907940701,537,0.01409458835,537,0.0984763056,537,0.03141095489,537,0.01618591323,
536,0.04907453805,536,0.01367227733,536,0.09803234786,536,0.03140046448,536,0.01437943429,
535,0.04906610399,535,0.01333020721,535,0.09692841768,535,0.03138407692,535,0.0127168661,
534,0.04904787615,534,0.0130144665,534,0.09499681741,534,0.0314142406,534,0.01126214769,
533,0.04916807637,533,0.01288709231,533,0.09257170558,533,0.03140233085,533,0.009963709861,
532,0.04911885411,532,0.01273768395,532,0.08959084004,532,0.03144262359,532,0.008783821017,
531,0.04917285964,531,0.01264484972,531,0.0862994045,531,0.03140992671,531,0.007840515114,
530,0.04911294207,530,0.01247852761,530,0.08245441318,530,0.03145815432,530,0.00688805012,
529,0.04920788109,529,0.01251976937,529,0.07840251923,529,0.03145904467,529,0.006294343621,
528,0.04921892658,528,0.01249078289,528,0.07417331636,528,0.03153249621,528,0.005653164349,
527,0.04922411591,527,0.01242871303,527,0.0698229894,527,0.03149408475,527,0.005093828309,
526,0.04921530187,526,0.01235541236,526,0.065594621,526,0.03150713816,526,0.004663167521,
525,0.04919732735,525,0.01241355576,525,0.06160481647,525,0.03144257143,525,0.004295829684,
524,0.04923664033,524,0.0123815937,524,0.05781087279,524,0.03154285252,524,0.004016578663,
523,0.04932913929,523,0.01247956697,523,0.05439576879,523,0.03154496849,523,0.003938833252,
522,0.04927320406,522,0.0123445997,522,0.0510580577,522,0.03156089038,522,0.003785524983,
521,0.04920005053,521,0.01226811856,521,0.04807867482,521,0.03143391386,521,0.003657905385,
520,0.04929216579,520,0.0123047065,520,0.04556236416,520,0.0315997526,520,0.003689337056,
519,0.04926810041,519,0.0122012347,519,0.04329119995,519,0.0314572081,519,0.003743276931,
518,0.04932563007,518,0.0121068377,518,0.04136291891,518,0.03161041439,518,0.003826915519,
517,0.0493012704,517,0.01200463809,517,0.03962597996,517,0.0315628089,517,0.00386410486,
516,0.04938357696,516,0.01193023846,516,0.03827507421,516,0.03158945218,516,0.003949987236,
515,0.04936191067,515,0.01176735479,515,0.03713601083,515,0.03156745806,515,0.004024599213,
514,0.04935860261,514,0.01165592857,514,0.0361019671,514,0.03158171102,514,0.004042549059,
513,0.04932009056,513,0.01156989112,513,0.03539777547,513,0.03154655173,513,0.003997114487,
512,0.04937461391,512,0.0113939615,512,0.03485025093,512,0.03158917278,512,0.004026924726,
511,0.04941008613,511,0.01135309227,511,0.03446130455,511,0.03161617741,511,0.004087674432,
510,0.04938041419,510,0.01119108871,510,0.03419412673,510,0.03168815002,510,0.003952703904,
509,0.0494337827,509,0.01112187468,509,0.03405307978,509,0.03160941228,509,0.003970781341,
508,0.0494319573,508,0.01097713411,508,0.0340026319,508,0.03167409077,508,0.003804770531,
507,0.049495399,507,0.01096497569,507,0.03398619965,507,0.03172187507,507,0.003770797746,
506,0.04949681833,506,0.01077618171,506,0.0340212211,506,0.03165690973,506,0.003570906585,
505,0.04947976023,505,0.0106146317,505,0.03403684124,505,0.03169884533,505,0.003490030998,
504,0.0494725965,504,0.01053330954,504,0.03416029364,504,0.03164889291,504,0.003273654496,
503,0.04948176444,503,0.01041145995,503,0.03407318145,503,0.03168687224,503,0.003167905612,
502,0.04954056814,502,0.01036103349,502,0.03415475041,502,0.03163316101,502,0.002966884058,
501,0.04956210032,501,0.01028874423,501,0.03419532999,501,0.03171786293,501,0.002902225591,
500,0.04957814515,500,0.01026088651,500,0.03405579552,500,0.03168272227,500,0.002677025273,
499,0.04950233176,499,0.01018124726,499,0.03403840959,499,0.03174025193,499,0.002524031792,
498,0.04956616089,498,0.01017626468,498,0.03396876156,498,0.03169246763,498,0.002400452504,
497,0.04957263172,497,0.01018434763,497,0.03378671035,497,0.03174253553,497,0.002277923282,
496,0.0496686846,496,0.01014610939,496,0.03366593644,496,0.03174710274,496,0.002225725912,
495,0.04964723811,495,0.01010034978,495,0.03340984136,495,0.03177893534,495,0.002100410638,
494,0.04961661994,494,0.01003676653,494,0.0332118161,494,0.03173265234,494,0.002035178943,
493,0.04968055338,493,0.01006919332,493,0.03310726583,493,0.03182378039,493,0.002039262094,
492,0.04972026125,492,0.01007918082,492,0.03270131722,492,0.03176746145,492,0.002030029427,
491,0.04969123751,491,0.009991362691,491,0.03244087845,491,0.03181993589,491,0.001956955064,
490,0.04974417761,490,0.01002299134,490,0.03219701722,490,0.03176531941,490,0.002040146384,
489,0.04980662093,489,0.01003541518,489,0.0320635587,489,0.03195527196,489,0.002055023098,
488,0.04979518428,488,0.01003793254,488,0.03185205162,488,0.03188375384,488,0.002136203926,
487,0.04971909896,487,0.009959763847,487,0.03157642111,487,0.03188191354,487,0.002152202651,
486,0.04982441664,486,0.00996294152,486,0.03137695417,486,0.03184520081,486,0.00214767619,
485,0.0498691611,485,0.0100099314,485,0.03110365383,485,0.03192746639,485,0.00221315911,
484,0.04987853765,484,0.009883913212,484,0.03075919487,484,0.0318774581,484,0.002163961297,
483,0.04991396517,483,0.009872975759,483,0.03055685014,483,0.03191857785,483,0.002184774028,
482,0.049896162,482,0.009837890044,482,0.03032531403,482,0.03191334009,482,0.002188156359,
481,0.04988626018,481,0.00971515011,481,0.03004024923,481,0.03188553825,481,0.002081136685,
480,0.04992511496,480,0.009727486409,480,0.02992131561,480,0.03195998073,480,0.002156807343,
479,0.04994994402,479,0.00973055698,479,0.02976681851,479,0.03195758164,479,0.002115731826,
478,0.05001657084,478,0.009705276228,478,0.0296274256,478,0.03195646778,478,0.002068599919,
477,0.05001221225,477,0.009653026238,477,0.02948106639,477,0.03192479163,477,0.001906954567,
476,0.05000590906,476,0.009644133039,476,0.02939715981,476,0.03194474056,476,0.001882307348,
475,0.05009206757,475,0.009601655416,475,0.02946427837,475,0.0320109427,475,0.001862470992,
474,0.0500488393,474,0.009581966326,474,0.0293793492,474,0.03198176995,474,0.001735389233,
473,0.05019547045,473,0.009594853967,473,0.02950403467,473,0.03201384097,473,0.001701240195,
472,0.05015409365,472,0.009612690657,472,0.02937012538,472,0.03204636276,472,0.00160881225,
471,0.05015258491,471,0.009537271224,471,0.02937716059,471,0.03204914927,471,0.001541290199,
470,0.05015220493,470,0.009562780149,470,0.02926092967,470,0.03206985816,470,0.001522482489,
469,0.05031453446,469,0.009646012448,469,0.02938857302,469,0.03210087493,469,0.001445000409,
468,0.05024106428,468,0.009502185509,468,0.02912615612,468,0.03207270056,468,0.001318170456,
467,0.05032311007,467,0.009582203813,467,0.0290544387,467,0.03202050179,467,0.001233585877,
466,0.05033738166,466,0.009550686926,466,0.02891333587,466,0.03212345392,466,0.001216063509,
465,0.05041941628,465,0.009576699696,465,0.02882549912,465,0.03210268915,465,0.001133315498,
464,0.05041142181,464,0.009512636811,464,0.02871245705,464,0.03212989122,464,0.001150652883,
463,0.05035293102,463,0.009509382769,463,0.02850937843,463,0.03205608949,463,0.001044770819,
462,0.05042148009,462,0.009508324787,462,0.02850724943,462,0.03217092529,462,0.001108426717,
461,0.05052347854,461,0.009630369954,461,0.02837994881,461,0.03212788701,461,0.0009922545869,
460,0.05053991079,460,0.009550290182,460,0.02820691094,460,0.03220189735,460,0.001025491627,
459,0.05056288466,459,0.009609541856,459,0.02811755985,459,0.03210413828,459,0.0009627040708,
458,0.05059920996,458,0.009729525074,458,0.02812446468,458,0.03224246204,458,0.0009597984026,
457,0.05046919361,457,0.00962536782,457,0.02789482661,457,0.03210625425,457,0.000902934582,
456,0.05063708127,456,0.009733283892,456,0.02785795182,456,0.03223858401,456,0.0008989138878,
455,0.05068321526,455,0.009824624285,455,0.02778969891,455,0.0322189033,455,0.0008532626089,
454,0.05074026436,454,0.009973218665,454,0.02773726918,454,0.03227728605,454,0.0008658940205,
453,0.05073118582,453,0.01016884483,453,0.02771574818,453,0.03221547231,453,0.000855415361,
452,0.0508271195,452,0.01040939242,452,0.02770860121,452,0.0322823897,452,0.0009019228746,
451,0.05077064037,451,0.01076524891,451,0.02755028382,451,0.03219308704,451,0.0008683840861,
450,0.05081117153,450,0.01141171344,450,0.027561564,450,0.03236529231,450,0.000873519748,
449,0.05080305412,449,0.01211761869,449,0.02754355408,449,0.03224212676,449,0.0009996230947,
448,0.05081515759,448,0.01347848494,448,0.02762177959,448,0.03232703358,448,0.0010123885,
447,0.05091998726,447,0.01524265576,447,0.02759342268,447,0.03231364489,447,0.00119789294,
446,0.05110904202,446,0.01792841405,446,0.02770824172,446,0.03244562075,446,0.001431027544,
445,0.05103558302,445,0.0219041016,445,0.02777639776,445,0.03237466514,445,0.001741756685,
444,0.05112296343,444,0.02772264555,444,0.02783918381,444,0.0324229449,444,0.002298767446,
443,0.05107107386,443,0.03608089685,443,0.02794655971,443,0.03234872967,443,0.002946711378,
442,0.05119445547,442,0.04823138192,442,0.02816857211,442,0.03236802667,442,0.004140226636,
441,0.05122125149,441,0.06526056677,441,0.02835737169,441,0.03244545311,441,0.00591258239,
440,0.05136128515,440,0.08866599202,440,0.02856682241,440,0.03247284517,440,0.008434440941,
439,0.05131720379,439,0.1201043576,439,0.02890096977,439,0.03244428337,439,0.01228761021,
438,0.0514030084,438,0.1611418724,438,0.02926804684,438,0.03247465938,438,0.01813186891,
437,0.05159306154,437,0.2116316557,437,0.02972038649,437,0.03252479061,437,0.02662316337,
436,0.05169393867,436,0.2711075842,436,0.03028045967,436,0.03252372891,436,0.03911142796,
435,0.05177351832,435,0.3363626599,435,0.03102496453,435,0.03261876479,435,0.05713137612,
434,0.05186740309,434,0.4015086889,434,0.03201172501,434,0.03247870505,434,0.08222846687,
433,0.05205900595,433,0.4617129862,433,0.03343992308,433,0.03272657469,433,0.1175561771,
432,0.0521966815,432,0.5104517341,432,0.03527736664,432,0.0327199325,432,0.1651998311,
431,0.05224052817,431,0.5436528325,431,0.03761127219,431,0.03263369575,431,0.227358073,
430,0.05236950144,430,0.5606687069,430,0.04118391871,430,0.03270955011,430,0.3052772582,
429,0.05237709358,429,0.5614640117,429,0.04584031552,429,0.03288536891,429,0.3986523151,
428,0.05243898183,428,0.5475040078,428,0.05259208754,428,0.03288207203,428,0.5042644143,
427,0.05245732516,427,0.5204827189,427,0.06192836538,427,0.03304623067,427,0.6150773764,
426,0.05238094926,426,0.4832826257,426,0.07487633824,426,0.03284468874,426,0.719840467,
425,0.05245995522,425,0.4384278357,425,0.09319528192,425,0.03300536796,425,0.8080789447,
424,0.05246550217,424,0.3890524805,424,0.1181680411,424,0.0329596214,424,0.866430819,
423,0.05244663358,423,0.3381649852,423,0.1519946307,423,0.03307807446,423,0.8863324523,
422,0.05247003213,422,0.2887624502,422,0.1963566542,422,0.03302620351,422,0.86499089,
421,0.05246786773,421,0.2430710942,421,0.2526914477,421,0.03310927749,421,0.8076652884,
420,0.05247686431,420,0.2021889985,420,0.3219111264,420,0.03296031803,420,0.7242023945,
419,0.05261122808,419,0.1671979874,419,0.4025095701,419,0.03303455561,419,0.6268872023,
418,0.05260319263,418,0.1388115734,418,0.4894216657,418,0.03294320032,418,0.5284557939,
417,0.05268329009,417,0.1161045432,417,0.5782080889,417,0.03307173401,417,0.4351418614,
416,0.05268226564,416,0.09891141951,416,0.6604869366,416,0.03294124454,416,0.3525575101,
415,0.05288790911,415,0.08660061657,415,0.7305822372,415,0.03297447786,415,0.282220453,
414,0.05289951712,414,0.07806981355,414,0.7841128111,414,0.03294082358,414,0.2241323888,
413,0.05312980711,413,0.07273104042,413,0.8213543892,413,0.03302128613,413,0.1782592982,
412,0.05313504115,412,0.06931206584,412,0.8444826007,412,0.03294370323,412,0.1422388852,
411,0.05330323428,411,0.06745928526,411,0.8565437794,411,0.03300642967,411,0.1154121682,
410,0.0534016937,410,0.06623470038,410,0.8600259423,410,0.03296788782,410,0.09607947618,
409,0.05353886262,409,0.06526661664,409,0.8564537168,409,0.03298363835,409,0.08251172304,
408,0.05371991917,408,0.06381923705,408,0.8470790386,408,0.03302491829,408,0.07389541715,
407,0.05384068936,407,0.06166322902,407,0.8314524293,407,0.03301801905,407,0.0684928298,
406,0.05395929143,406,0.05884548277,406,0.8093069792,406,0.03312106803,406,0.06583864242,
405,0.05417284369,405,0.05532402173,405,0.7810311913,405,0.03306500241,405,0.06476102024,
404,0.05418202281,404,0.05107511953,404,0.7448371649,404,0.03305162117,404,0.06446559727,
403,0.05446510762,403,0.04671512917,403,0.7016717792,403,0.0330593586,403,0.0641330108,
402,0.05467643961,402,0.04231254756,402,0.6528788805,402,0.03302419186,402,0.06333697587,
401,0.05484898761,401,0.03809966147,401,0.6002203226,401,0.03315881267,401,0.06144053861,
400,0.05520757288,400,0.03420191258,400,0.5461637974,400,0.03319407254,400,0.05863261595,
399,0.05541888624,399,0.03053632565,399,0.4940720201,399,0.03320851922,399,0.05439430103,
398,0.05575669557,398,0.02768360451,398,0.4462946057,398,0.03320581093,398,0.04957396537,
397,0.05606210232,397,0.02503022365,397,0.4047387838,397,0.03311590105,397,0.04417587817,
396,0.05646048486,396,0.02308678627,396,0.3692759573,396,0.03328612447,396,0.03859148547,
395,0.0568295233,395,0.0214235466,395,0.3401482403,395,0.03319929913,395,0.03321651369,
394,0.05730058625,394,0.02024098113,394,0.3164548874,394,0.03327240422,394,0.02839802206,
393,0.05785928294,393,0.01936634257,393,0.2970169485,393,0.03327298909,393,0.02413221449,
392,0.05842814595,392,0.01871996373,392,0.2810892761,392,0.03340226412,392,0.02077043429,
391,0.05895413458,391,0.01813664474,391,0.2671642303,391,0.03330599517,391,0.01761319488,
390,0.0596938394,390,0.01769539528,390,0.2548704743,390,0.03347892687,390,0.01552908774,
389,0.0604320094,389,0.01731789671,389,0.2434660047,389,0.03347341716,389,0.01399293542,
388,0.0611939989,388,0.01701431908,388,0.2322078645,388,0.03345952183,388,0.01264972705,
387,0.06218440458,387,0.016789997,387,0.2212306261,387,0.03344028443,387,0.01197965071,
386,0.063142851,386,0.01625142433,386,0.210327521,386,0.03336692974,386,0.01118495315,
385,0.06412154436,385,0.01595874131,385,0.1997748464,385,0.03339021653,385,0.01087769493,
384,0.06549732387,384,0.01565804332,384,0.1895068437,384,0.03349536657,384,0.01060659438,
383,0.06686192751,383,0.01539582573,383,0.1798045188,383,0.03346656635,383,0.01040870324,
382,0.06821214408,382,0.01504896581,382,0.1703374088,382,0.03351166844,382,0.01015289314,
381,0.06994002312,381,0.01484676264,381,0.161763221,381,0.03350532055,381,0.01006060932,
380,0.07186871022,380,0.01470838021,380,0.1538355201,380,0.03366174176,380,0.009993614629,
379,0.07372065634,379,0.01442406792,379,0.146500513,379,0.03359427676,379,0.009812550619,
378,0.07588905096,378,0.01431503426,378,0.1399821937,378,0.03366003558,378,0.009823750705,
377,0.07815232873,377,0.01419934072,377,0.1343021244,377,0.03360090405,377,0.00976447016,
376,0.08075004071,376,0.0140353106,376,0.1294164807,376,0.03374359384,376,0.009642888792,
375,0.08339682221,375,0.01381906774,375,0.1249596849,375,0.03359844536,375,0.009602819569,
374,0.08646482974,374,0.01368726417,374,0.1212960556,374,0.03365857899,374,0.009661760181,
373,0.08964378387,373,0.01352270506,373,0.118158631,373,0.03376832604,373,0.009868818335,
372,0.09308917075,372,0.01333020721,372,0.1155026332,372,0.03375534713,372,0.01013988256,
371,0.09684578329,371,0.01299958304,371,0.1133569852,371,0.0338825807,371,0.01028283313,
370,0.1009010077,370,0.01272902079,370,0.1113052368,370,0.03382367268,370,0.0105330972,
369,0.1050562039,369,0.01237562764,369,0.1096962616,369,0.03393693268,369,0.01095053367,
368,0.1096108928,368,0.0118859401,368,0.1082071587,368,0.03386100382,368,0.01133300457,
367,0.1143880412,367,0.01141229831,367,0.106917195,367,0.03384784982,367,0.01164917462,
366,0.1194911897,366,0.01082514413,366,0.1058989838,366,0.03392719477,366,0.01202512905,
365,0.1247898638,365,0.01035125088,365,0.1050378382,365,0.03397063538,365,0.01244517509,
364,0.1302862614,364,0.009678806178,364,0.1041836739,364,0.03404051065,364,0.01286354754,
363,0.136106953,363,0.008890920319,363,0.1034517139,363,0.03402516618,363,0.01326972619,
362,0.1424477696,362,0.008218567818,362,0.1029193327,362,0.03406721726,362,0.01369656064,
361,0.1485766768,361,0.007194998208,361,0.1021981165,361,0.03408995271,361,0.01397013199,
360,0.1551536918,360,0.006207523867,360,0.10161376,360,0.03406606987,360,0.01428780053,
359,0.1621116698,359,0.005183411762,359,0.1010480821,359,0.03414646164,359,0.01459456328,
358,0.1693869084,358,0.00416487176,358,0.100605078,358,0.03426969424,358,0.01482736971,
357,0.1768174469,357,0.002900140826,357,0.09990144521,357,0.03449420631,357,0.0152144786,
356,0.1844054461,356,0.001668886864,356,0.09906091541,356,0.03442963958,356,0.01535044797,
355,0.1923329681,355,5.353548113E-5,355,0.09806229174,355,0.03453019261,355,0.01553732436,
354,0.2005871087,354,-0.001390436897,354,0.09691537917,354,0.03451413289,354,0.01565603167,
353,0.2087606788,353,-0.003308637999,353,0.09541527182,353,0.03444737941,353,0.01549311262,
352,0.2175562978,352,-0.004955036566,352,0.09386570752,352,0.03454311565,352,0.0157978572,
351,0.2263180017,351,-0.006680619903,351,0.09232260287,351,0.03481404483,351,0.01590433717,
350,0.2352982908,350,-0.008492952213,350,0.09070055932,350,0.03486797959,350,0.01571212336,
349,0.2547042668,349,0.00194899831,349,0.1058334485,349,0.0376782082,349,0.0238647759,
348,0.2676950097,348,-0.004926167428,348,0.1011107415,348,0.03739013895,348,0.01588218473,
347,0.2738400996,347,-0.004478400107,347,0.09752429277,347,0.03150009736,347,0.01173408329,
346,0.2883041799,346,-0.004190330859,346,0.0963826403,346,0.0379328765,346,0.017280614,
345,0.2917056382,345,-0.00481108157,345,0.09969248623,345,0.03931122273,345,0.01867469773,
344,0.3055197597,344,-0.005101348739,344,0.1012623012,344,0.03810390085,344,0.02028169297,
343,0.3146007061,343,-0.007507315371,343,0.1010861397,343,0.03938754648,343,0.01526927948,
342,0.321836561,342,-0.01218666136,342,0.09119730443,342,0.03779106587,342,0.01315174904,
341,0.3284825683,341,-0.009659333155,341,0.0972462669,341,0.03371206671,341,0.01542259287,
340,0.3440091014,340,-0.009682775475,340,0.09624262899,340,0.03661129996,340,0.01411833428,
339,0.3491186202,339,-0.01059619989,339,0.09204763174,339,0.04011360183,339,0.01481111161,
338,0.3562589288,338,-0.01508372277,338,0.09575844556,338,0.034865316,338,0.009686323814,
337,0.3668555021,337,-0.0209324155,337,0.08953335136,337,0.03659158945,337,0.018752262,
336,0.3786513507,336,-0.02000099234,336,0.09665070474,336,0.03700598702,336,0.01441601384,
335,0.3851727843,335,-0.01599994116,335,0.09012445062,335,0.038618166,335,0.0121198548,
334,0.3918246329,334,-0.02732264996,334,0.08955924958,334,0.03781718761,334,0.01962934621,
333,0.4089805782,333,-0.02169718593,333,0.08767446131,333,0.0349374935,333,0.01394091453,
332,0.4087018073,332,-0.02564857341,332,0.08222759515,332,0.03633441031,332,0.01184124779,
331,0.4184329212,331,-0.02859241888,331,0.08384738117,331,0.03786519915,331,0.0159643814,
330,0.4279613793,330,-0.03096880205,330,0.07930636406,330,0.03799629956,330,0.01598761044,
329,0.4382535517,329,-0.02520350739,329,0.07855205983,329,0.03840044513,329,0.02118193172,
328,0.4436535835,328,-0.0274703186,328,0.07700839639,328,0.04080526903,328,0.02201631106,
327,0.4459819794,327,-0.03236907721,327,0.07002064586,327,0.03943059966,327,0.01715561934,
326,0.4524102807,326,-0.0268764738,326,0.06550425291,326,0.04003911093,326,0.01874931529,
325,0.4609285891,325,-0.03558628261,325,0.06606281549,325,0.0394984372,325,0.02027602307,
324,0.4656234384,324,-0.03302432224,324,0.0638448149,324,0.03863132,324,0.02446742915,
323,0.4747209847,323,-0.03395348787,323,0.05407719687,323,0.03441002592,323,0.01788430847,
322,0.4793010354,322,-0.03203021735,322,0.05874231085,322,0.04003152996,322,0.02433500998,
321,0.4865264297,321,-0.03488750383,321,0.0591932945,321,0.03752837703,321,0.02469188906,
320,0.4929656982,320,-0.03651722521,320,0.05495687947,320,0.0382636264,320,0.02348799817,
319,0.4969733655,319,-0.03566311672,319,0.04894153029,319,0.04018739611,319,0.02310805395,
318,0.5057883859,318,-0.03703766689,318,0.0465846546,318,0.03851340711,318,0.02779897302,
317,0.5082559586,317,-0.04107606411,317,0.03461352736,317,0.03582753614,317,0.02403620072,
316,0.5151613951,316,-0.04271730408,316,0.03747667745,316,0.03929099068,316,0.02587415092,
315,0.5219342113,315,-0.04557612538,315,0.03051535971,315,0.03818809614,315,0.02291562781,
314,0.525395453,314,-0.04410295188,314,0.02974738553,314,0.04076850414,314,0.02236066014,
313,0.5243453383,313,-0.05038267002,313,0.02071509883,313,0.04020741582,313,0.02547353134,
312,0.5333967805,312,-0.0501084663,312,0.02118353546,312,0.03703828901,312,0.02259575948,
311,0.5409780741,311,-0.04926022515,311,0.01897616684,311,0.04191997275,311,0.02493170835,
310,0.5474492311,310,-0.05665608868,310,0.01591241919,310,0.04123227671,310,0.02439212427,
309,0.5542450547,309,-0.05193920434,309,0.01342345588,309,0.04023586959,309,0.02083935775,
308,0.5636180043,308,-0.0545591563,308,0.007840172388,308,0.04417212307,308,0.02576745115,
307,0.5702192187,307,-0.05632625148,307,0.007807121612,307,0.04555555061,307,0.02530455589,
306,0.5779588223,306,-0.06409050524,306,0.0005783927627,306,0.04310034215,306,0.02081138454,
305,0.5881444216,305,-0.06323913485,305,2.635271449E-5,305,0.04434106126,305,0.02230580151,
304,0.5983041525,304,-0.06879208237,304,-0.005505484995,304,0.04271242023,304,0.02025120705,
303,0.6143794656,303,-0.07618574053,303,-0.01020152867,303,0.04575905576,303,0.02183481865,
302,0.62635988,302,-0.07917401195,302,-0.01270439476,302,0.04556843266,302,0.02152632736,
301,0.6442754865,301,-0.0810411945,301,-0.01738443412,301,0.04888902977,301,0.0230362583,
300,0.6608136296,300,-0.096953623,300,-0.02845284157,300,0.04933012649,300,0.022895189,

